tree
version=v4
num_class=1
num_tree_per_iteration=1
label_index=0
max_feature_idx=32
objective=rank_xendcg
feature_names=pe pbv ps pebitda roe roa roc om pm dy em nde tdte tdta eps12m surprise_US surprise_EURO surprise_UK surprise_JAP surprise_PAC surprise_GEM surprise_CHINA surprise_AUS prob_risk_off prob_inflation world_trade EPU_global EPU_US EPU_Europe EPU_UK EPU_JAP EPU_Australia EPU_China
feature_infos=[-0.73354640485526845:1.1151189671442232] [-0.24157003602261984:0.36680794972633834] [-0.34026190012117474:0.42922115722599652] [-0.29159961509620602:0.35489800805397942] [-0.067974077382651515:0.071320822592192454] [-0.0076301004537533143:0.0093851617209028335] [-0.027572642084512843:0.02888163182843451] [-0.043992217672294727:0.057943764860502248] [-0.021136578099151995:0.024790201786060687] [-0.011522411943927047:0.011697459887154689] [-0.03720971737034301:0.047455363515247061] [-3.9270564808137167:70.985785425915694] [-0.12828498555319034:0.21501590266317705] [-0.11671659330651218:0.12717065114573223] [-2.8439362210691241:90.630445181494139] [-230.09999999999999:363.89999999999998] [-226.69999999999999:327.39999999999998] [-158.30000000000001:465.70000000000005] [-227.89999999999998:215.69999999999999] [-105.7:104.2] [-85:120.40000000000001] [-380.29999999999995:231.00000000000003] [-219.79999999999998:381.89999999999998] [0.023869781134149479:0.69925883408746636] [0.12515761905425415:0.7905537841388417] [-0.062240663900414939:0.098607888631090379] [42.499999999999972:411.26999999999998] [-39.909999999999997:927.34999999999991] [32.120000000000005:638.80999999999995] [-41.989999999999895:1120.53] [16.929999999999993:315.12] [-74.069999999999993:493.44000000000005] [9.8999999999999915:887]
tree_sizes=1124 907 1020 909 886 904 1012 986 1095 1116 1094 1106 981 986 1088 1118 1236 1221 1228 1234 991 990 1091 1016 1014 893 909 1115 897 975 1094 1007 1110 1115 1074 1217 906 1205 1082 1227 1019 1009 911 1122 1008 1073 1070 1225 1094 1067 907 912 887 911 909 792 905 909 902 1013 1016 905 1021 1019 1018 909 912 990 1011 1016 1010 1103 993 912 1006 910 907 1010 1111 992 973 981 790 1099 981 1224 1118 1086 1194 1162 1099 996 1202 1014 1013 906 1016 1017 909 1118 1068 1012 1200 1211 1008 1217 1089 1108 1080 1067 989 991 1125 994 1229

Tree=0
num_leaves=9
num_cat=0
split_feature=1 1 25 9 9 13 23 22
split_gain=0.444466 1.30799 0.448991 0.382039 0.296931 0.24919 0.240555 0.128282
threshold=-0.039198372233212479 -0.079089701745459304 0.0090704813422667358 -0.0027377898160270936 -0.00058456886591770391 0.0038598035797101642 0.15543108250998336 50.800000000000004
decision_type=2 2 2 2 2 2 2 2
left_child=1 -1 5 -4 -5 7 -7 -2
right_child=2 -3 3 4 -6 6 -8 -9
leaf_value=-0.00070642851130101048 -0.0027468358735164128 0.0034303431245332346 0.001671667810099052 -0.0013626014478220455 0.00047311671833524902 -0.0013899069446445575 0.00054116453344686764 -0.00091285947407742046
leaf_weight=4.5833335518836975 2.9166668057441729 3.055555701255801 3.1944445967674246 3.8888890743255606 4.4444446563720694 2.9166668057441711 3.0555557012557983 3.1944445967674255
leaf_count=33 21 22 23 28 32 21 22 23
internal_value=-0.000127493 0.000894798 -0.000480558 0.000188542 -0.000326927 -0.00115825 -0.000322601 -0.00188451
internal_weight=31.25 7.63889 23.6111 11.5278 8.33333 12.0833 5.97222 6.11111
internal_count=225 55 170 83 60 87 43 44
is_linear=0
shrinkage=0.005


Tree=1
num_leaves=7
num_cat=0
split_feature=1 1 2 1 1 12
split_gain=0.448845 1.29398 0.595076 0.372823 0.340193 0.608831
threshold=-0.039198372233212479 -0.079089701745459304 0.11103168898461303 0.060715633888222216 0.044226424918199066 -0.024189282458860924
decision_type=2 2 2 2 2 2
left_child=1 -1 3 4 5 -2
right_child=2 -3 -4 -5 -6 -7
leaf_value=-0.0007065186906945989 0.00094605924880957284 0.0034055649224746204 0.0011950899620477599 -0.0022815537581945366 0.0010155195851955393 -0.0014851122507766566
leaf_weight=4.5805500745773315 3.1946625262498918 3.0625439137220409 4.0290739983320227 3.887435019016265 2.7759986370801917 9.7194515615701658
leaf_count=33 23 22 29 28 20 70
internal_value=-0.000138961 0.000887601 -0.000493639 -0.000868815 -0.000480888 -0.000843798
internal_weight=31.2497 7.64309 23.6066 19.5775 15.6901 12.9141
internal_count=225 55 170 141 113 93
is_linear=0
shrinkage=0.005


Tree=2
num_leaves=8
num_cat=0
split_feature=1 1 9 1 12 7 12
split_gain=0.431987 1.28799 0.412771 0.202172 0.376826 0.308277 0.207233
threshold=-0.039198372233212479 -0.079089701745459304 -0.0038179230955175509 0.058405001158304611 -0.018800778179852203 0.0020093606368999334 -0.013369744821637773
decision_type=2 2 2 2 2 2 2
left_child=1 -1 -2 4 -4 -6 -5
right_child=2 -3 3 6 5 -7 -8
leaf_value=-0.00071999100161812676 0.0011559336771279269 0.0033807552848075201 0.0007294115503363079 -0.002543306035321451 -0.00026109173362453566 -0.0022122692920426724 -0.00037020804691040846
leaf_weight=4.5784720033407211 3.0579817593097749 3.0697596669197109 4.5837270915508332 2.9132486581802368 6.941230669617644 3.3291293978691101 2.7758630514144889
leaf_count=33 22 22 33 21 50 24 20
internal_value=-0.00013407 0.000872237 -0.00048247 -0.000752851 -0.000397274 -0.000949666 -0.00158258
internal_weight=31.2494 7.64823 23.6012 20.5432 14.8541 10.2704 5.68911
internal_count=225 55 170 148 107 74 41
is_linear=0
shrinkage=0.005


Tree=3
num_leaves=7
num_cat=0
split_feature=1 1 2 1 1 13
split_gain=0.457836 1.26433 0.569209 0.343133 0.327823 0.297739
threshold=-0.039198372233212479 -0.079089701745459304 0.11103168898461303 0.060715633888222216 0.044226424918199066 0.0076957697004010903
decision_type=2 2 2 2 2 2
left_child=1 -1 3 4 5 -2
right_child=2 -3 -4 -5 -6 -7
leaf_value=-0.00067098138018147069 -3.9964102202647792e-05 0.0033865596050749909 0.0011608688951345798 -0.0022159035126923755 0.00098468906441528535 -0.0016393455842364263
leaf_weight=4.5756366699934006 6.8038175702095085 3.0768467932939556 4.0329831242561331 3.879144310951232 2.7765661627054206 6.1037565171718597
leaf_count=33 49 22 29 28 20 44
internal_value=-0.000129718 0.00090692 -0.000488261 -0.000855816 -0.000481676 -0.000838277
internal_weight=31.2488 7.65248 23.5963 19.5633 15.6841 12.9076
internal_count=225 55 170 141 113 93
is_linear=0
shrinkage=0.005


Tree=4
num_leaves=7
num_cat=0
split_feature=1 1 2 1 12 2
split_gain=0.446034 1.23494 0.567828 0.362433 0.347437 0.289826
threshold=-0.039198372233212479 -0.079089701745459304 0.11103168898461303 0.060715633888222216 -0.018800778179852203 0.024405730243897698
decision_type=2 2 2 2 2 2
left_child=1 -1 3 4 -2 -6
right_child=2 -3 -4 -5 5 -7
leaf_value=-0.0006667063645313774 0.00057488402056887127 0.0033404853921158197 0.0011632878403812128 -0.0022464441533168946 -0.0016105978039781792 0
leaf_weight=4.5734713673591614 4.8630288392305436 3.0839585661888149 4.0363975316286078 3.8735135346651068 6.793666332960127 4.0236807316541672
leaf_count=33 35 22 29 28 49 29
internal_value=-0.000128926 0.000893481 -0.000483138 -0.000850606 -0.000467962 -0.00098328
internal_weight=31.2477 7.65743 23.5903 19.5539 15.6804 10.8173
internal_count=225 55 170 141 113 78
is_linear=0
shrinkage=0.005


Tree=5
num_leaves=7
num_cat=0
split_feature=11 29 1 1 23 12
split_gain=0.7378 0.331081 0.429637 0.572812 0.218299 0.312576
threshold=0.1391576028689028 530.35500000000013 -0.048253143230414013 -0.089123899889030897 0.065342374746136994 -0.017518470845049035
decision_type=2 2 2 2 2 2
left_child=1 2 3 -1 -4 -6
right_child=-2 -3 4 -5 5 -7
leaf_value=-0.00011701343535323306 0.0020709614046295348 -0.001706186537994799 -0.0014418846490190471 0.0028304011077726582 -0.00085620512309997343 0.00054169117443033505
leaf_weight=3.1862301230430603 4.1685167104005805 3.0499860793352118 3.6037342697382 2.8013408333063188 7.0821156948804918 8.8873870968818576
leaf_count=23 30 22 26 20 51 64
internal_value=0.000109825 -0.000161577 6.17873e-06 0.00119117 -0.000332948 -4.77699e-05
internal_weight=32.7793 28.6108 25.5608 5.98757 19.5732 15.9695
internal_count=236 206 184 43 141 115
is_linear=0
shrinkage=0.005


Tree=6
num_leaves=8
num_cat=0
split_feature=11 13 2 21 3 16 9
split_gain=0.688945 0.346521 0.846923 0.543654 0.508701 0.46052 0.353808
threshold=0.1391576028689028 0.0031861436046297657 0.056845613456351425 67.250000000000014 -0.070952107114190574 -1.8999999999999992 -0.00060172784503268004
decision_type=2 2 2 2 2 2 2
left_child=1 2 5 4 -3 -1 -6
right_child=-2 3 -4 -5 6 -7 -8
leaf_value=-0.00084279579243012979 0.0019951217957859552 -0.0019187272244863877 -0.002207133934890082 0.0020325187176985808 -0.00053335035759583904 0.0012212384317238801 0.0018486103476721167
leaf_weight=5.2840388715267199 4.1728641688823691 2.9201661646366111 5.6805853545665732 3.7522200196981421 2.7743277400732032 5.2721011489629781 2.9234545826911926
leaf_count=38 30 21 41 27 20 38 21
internal_value=0.000100535 -0.000161377 -0.000653546 0.000444402 -0.00019711 0.000141809 0.000607261
internal_weight=32.7798 28.6069 16.2367 12.3702 8.61795 10.5561 5.69778
internal_count=236 206 117 89 62 76 41
is_linear=0
shrinkage=0.005


Tree=7
num_leaves=8
num_cat=0
split_feature=11 9 28 11 23 3 32
split_gain=0.657182 0.335587 0.639697 0.46178 0.537281 0.330943 0.209935
threshold=0.1391576028689028 -0.00060172784503268004 189.01000000000005 -0.097946262146838478 0.15237308270604175 -0.044915524861417748 167.50000000000003
decision_type=2 2 2 2 2 2 2
left_child=1 3 5 -1 -5 -3 -4
right_child=-2 2 6 4 -6 -7 -8
leaf_value=-0.002399369757222897 0.0019511128089263394 0.0024878736982069404 0 0.0011708748567740583 -0.001452291335798928 0.00034173359347898741 -0.0014616411269253956
leaf_weight=3.3233941346406937 4.1765501946210852 3.345756784081459 4.8584556728601438 3.7512133866548556 3.8834712207317352 5.2824262231588381 4.1582559198141098
leaf_count=24 30 24 35 27 28 38 30
internal_value=0.000101625 -0.000153917 0.000251239 -0.000849905 -9.91324e-05 0.0012411 -0.000642441
internal_weight=32.7795 28.603 17.6449 10.9581 7.63468 8.62818 9.01671
internal_count=236 206 127 79 55 62 65
is_linear=0
shrinkage=0.005


Tree=8
num_leaves=9
num_cat=0
split_feature=11 13 2 29 5 5 32 22
split_gain=0.677059 0.351428 0.832308 0.529221 0.573357 0.462125 0.271154 0.0334101
threshold=0.1391576028689028 0.0031861436046297657 0.056845613456351425 360.45500000000004 0.00025098178419986466 -0.00055031202489559715 200.50000000000003 45.400000000000006
decision_type=2 2 2 2 2 2 2 2
left_child=1 2 5 4 -3 -1 -7 -4
right_child=-2 3 7 -5 -6 6 -8 -9
leaf_value=0.0019055765324908051 0.0019840896525838746 0 -0.0028470558043856308 -0.00082009143255085679 0.0027675225764231771 0.0003393145162220193 -0.0014572037409153729 -0.0013570599162969629
leaf_weight=2.7801584005355853 4.1809993982315055 4.3123194426298124 2.7651207149028769 4.576694592833519 3.4843761026859283 4.1630062162876165 3.6128788888454437 2.9043668210506439
leaf_count=20 30 31 20 33 25 30 26 21
internal_value=0.000108387 -0.000151361 -0.000647537 0.000459026 0.00127404 0.00014002 -0.000435481 -0.00218972
internal_weight=32.7799 28.5989 16.2255 12.3734 7.7967 10.556 7.77589 5.66949
internal_count=236 206 117 89 56 76 56 41
is_linear=0
shrinkage=0.005


Tree=9
num_leaves=9
num_cat=0
split_feature=13 3 29 3 8 16 28 27
split_gain=0.655213 0.696301 0.62826 0.652425 0.49837 0.299192 0.413629 0.0741021
threshold=0.0031861436046297657 0.067299250020013593 376.22000000000003 0.024915073621636034 1.0000000180025095e-35 -1.8999999999999992 189.01000000000005 100.88000000000001
decision_type=2 2 2 2 2 2 2 2
left_child=1 5 3 4 -2 7 -7 -1
right_child=2 -3 -4 -5 -6 6 -8 -9
leaf_value=-0.0014024232960273136 0.0020428027155498674 -0.0025426408710734674 -0.00066024231002244544 0.0030297372896340921 -0.00059271590744016441 0.0021137363161574394 -0.00024355698937242293 -0.00013454594208637765
leaf_weight=3.053625911474227 2.9363998323678953 3.458689719438552 4.4352637976407996 4.3173435181379318 4.0363118499517441 2.9170019030571011 4.1543528735637665 3.4702938199043274
leaf_count=22 21 25 32 31 29 21 30 25
internal_value=0.00010506 -0.000555434 0.000852544 0.00149122 0.000452618 -5.77331e-06 0.000666651 -0.000810207
internal_weight=32.7793 17.054 15.7253 11.2901 6.97271 13.5953 7.07135 6.52392
internal_count=236 123 113 81 50 98 51 47
is_linear=0
shrinkage=0.005


Tree=10
num_leaves=9
num_cat=0
split_feature=0 11 15 14 27 13 18 4
split_gain=0.437693 0.4367 0.507687 0.590702 0.340572 0.300294 0.36932 0.202985
threshold=-0.15407569842241184 -0.059593101125395224 6.150000000000003 12.164006910722227 100.88000000000001 0.025016949477936205 -19.749999999999996 -0.0050904967903403434
decision_type=2 2 2 2 2 2 2 2
left_child=-1 4 5 7 -2 6 -3 -4
right_child=1 2 3 -5 -6 -7 -8 -9
leaf_value=0.0015519573630095513 -0.00010156392665774795 0.00016550507313444155 0.0010110355239641873 0.0026424654604774328 -0.0022014259922076666 0.00070904324387866967 -0.0018549047600066107 -0.00079231040556691735
leaf_weight=3.887487217783927 4.5741434097290057 3.1884117126464844 2.9231276959180832 3.4815883189439774 4.1557671576738358 3.0649134218692771 5.2821136713027972 3.1925238817930204
leaf_count=28 33 23 21 25 30 22 38 23
internal_value=0 -0.000220822 0.00014743 0.00101262 -0.00116497 -0.000530492 -0.00103921 0
internal_weight=33.7501 29.8626 21.1327 9.59724 8.72991 11.5354 8.47053 6.11565
internal_count=243 215 152 69 63 83 61 44
is_linear=0
shrinkage=0.005


Tree=11
num_leaves=9
num_cat=0
split_feature=2 2 2 9 19 3 3 31
split_gain=0.578292 0.659348 0.824931 0.647319 0.470876 0.3599 0.0978826 0.065687
threshold=0.11103168898461303 0.061036550555869214 0.018822702550893248 0.00051726388185726073 -13.999999999999995 -0.057915332660064427 0.057460714254171215 90.92000000000003
decision_type=2 2 2 2 2 2 2 2
left_child=1 2 3 7 -4 -5 -3 -1
right_child=-2 6 4 5 -6 -7 -8 -9
leaf_value=-0.0025061794218836681 0.0018210720914237878 -0.00078978728780866147 0.00019462682115450316 -0.00040854395461220502 0.003225259152807356 0.0013005843001368791 -0.0025237993998276482 -0.00094037253068208636
leaf_weight=2.775677755475054 3.7637388706207267 2.7595774680376044 3.0526372194290161 8.0588753968477302 2.7848290652036658 4.7370281368493954 2.8974383622407913 2.9206844419240952
leaf_count=20 27 20 22 58 20 34 21 21
internal_value=0 -0.000245463 9.37176e-05 -0.000402438 0.00174046 0.00018785 -0.00177986 -0.00180553
internal_weight=33.7505 29.9867 24.3297 18.4923 5.83747 12.7959 5.65702 5.69636
internal_count=243 216 175 133 42 92 41 41
is_linear=0
shrinkage=0.005


Tree=12
num_leaves=8
num_cat=0
split_feature=2 2 2 20 1 8 3
split_gain=0.552976 0.661322 0.791019 0.787394 0.408514 0.345524 0.0873553
threshold=0.11103168898461303 0.061036550555869214 0.018822702550893248 -11.950000000000001 -0.0088976518115522745 0.0045215754426029707 0.057460714254171215
decision_type=2 2 2 2 2 2 2
left_child=1 2 4 -4 5 -1 -3
right_child=-2 6 3 -5 -6 -7 -8
leaf_value=0.00057241871193501419 0.001785930070630106 -0.00081080619267808905 0 0.0036136930832939723 -0.0015542796308508761 -0.0012462934039846061 -0.0024905618362023496
leaf_weight=9.7466251999139839 3.7674477100372306 2.7574699372053137 3.0570729225873947 2.7871741801500312 5.2709928601980236 3.4699026048183432 2.892067164182663
leaf_count=70 27 20 22 20 38 25 21
internal_value=0 -0.00023429 0.000105311 0.00171643 -0.000380276 5.43428e-05 -0.00177273
internal_weight=33.7488 29.9813 24.3318 5.84425 18.4875 13.2165 5.64954
internal_count=243 216 175 42 133 95 41
is_linear=0
shrinkage=0.005


Tree=13
num_leaves=8
num_cat=0
split_feature=8 3 1 32 13 1 4
split_gain=0.497426 0.558689 0.589745 0.289836 0.217089 0.207754 0.219734
threshold=-0.0044905876581598208 0.04655508101347295 0.046128610637897423 160.40000000000001 -0.0031408121894212489 0.018451749551314792 -0.0021005956505893183
decision_type=2 2 2 2 2 2 2
left_child=3 2 5 -1 -3 6 -2
right_child=1 4 -4 -5 -6 -7 -8
leaf_value=0 0.00085983534568090923 -0.0025913613120850153 0.0018862291138071364 0.0020013494393461419 -0.00040874836692731016 -0.0015653438190506087 -0.00047379402124117308
leaf_weight=2.7744619846343985 4.3176311850547853 3.1695716828107834 3.6153771281242362 4.1798201203346252 2.7811251878738394 2.7721239626407614 10.136900424957277
leaf_count=20 31 23 26 30 20 20 73
internal_value=0 -0.000319461 4.42799e-05 0.00117657 -0.00166652 -0.000317691 -3.93704e-05
internal_weight=33.747 26.7927 20.842 6.95428 5.9507 17.2267 14.4545
internal_count=243 193 150 50 43 124 104
is_linear=0
shrinkage=0.005


Tree=14
num_leaves=9
num_cat=0
split_feature=2 2 2 20 9 0 3 31
split_gain=0.535866 0.664284 0.771873 0.772836 0.622468 0.378284 0.109737 0.0554122
threshold=0.11103168898461303 0.061036550555869214 0.018822702550893248 -11.950000000000001 0.00051726388185726073 -0.019074156041675224 0.057460714254171215 90.92000000000003
decision_type=2 2 2 2 2 2 2 2
left_child=1 2 4 -4 7 -6 -3 -1
right_child=-2 6 3 -5 5 -7 -8 -9
leaf_value=-0.002422064970148088 0.0017485195386259063 -0.00076090982648698816 0 0.0035681868770992913 -0.00035422189739399998 0.0014481069009788575 -0.002556198246848755 -0.00092595304815694141
leaf_weight=2.7693860679864981 3.7731997370719901 2.7550111263990393 3.0569839328527451 2.7947277724742881 8.6081636846065575 4.1865860670804897 2.8857437521219254 2.9177035540342331
leaf_count=20 27 20 22 20 62 30 21 21
internal_value=0 -0.000238504 0.000101617 0.00169211 -0.000378191 0.000199935 -0.00178161 -0.00175641
internal_weight=33.7475 29.9743 24.3336 5.85171 18.4818 12.7947 5.64075 5.68709
internal_count=243 216 175 42 133 92 41 41
is_linear=0
shrinkage=0.005


Tree=15
num_leaves=9
num_cat=0
split_feature=1 25 11 14 11 14 10 30
split_gain=0.82144 0.516167 0.487234 0.57647 0.273873 0.269468 0.280747 0.504287
threshold=0.070371373490738756 0.0015769089418483653 0.0028997662361562875 9.277641433904444 -0.056346855209771778 6.3868190701715886 0.0057802354631631128 91.905000000000015
decision_type=2 2 2 2 2 2 2 2
left_child=1 2 -1 -4 -2 -3 7 -7
right_child=4 5 3 -5 -6 6 -8 -9
leaf_value=0.0025123723943490683 -0.0028938297522445493 -0.0016032929674255261 -0.0012128256093133225 0.0018035922105306529 -0.00041111799618185924 -0.00094812891535713114 -0.0010415406009492022 0.0014818551152083099
leaf_weight=4.3089812099933678 2.7656160593032837 2.7752076983451834 3.0588297843933105 3.0650442987680435 2.7761992067098609 3.0543456822633726 3.6046607643365851 5.8466217368841171
leaf_count=31 20 20 22 22 20 22 26 42
internal_value=-1.665e-06 0.000359331 0.00122096 0.000218307 -0.00175432 -0.000198391 7.87011e-05 0.000591514
internal_weight=31.2555 25.7137 10.4329 6.12387 5.54182 15.2808 12.5056 8.90097
internal_count=225 185 75 44 40 110 90 64
is_linear=0
shrinkage=0.005


Tree=16
num_leaves=10
num_cat=0
split_feature=1 25 12 3 10 13 27 11 13
split_gain=0.813885 0.498968 0.510786 0.424414 0.51923 0.397773 0.289741 0.256453 0.134409
threshold=0.070371373490738756 0.0015769089418483653 -0.0052593213499110272 0.04655508101347295 0.0019411014807574213 0.011851682920911656 117.55000000000001 -0.056346855209771778 0.0049210797915965063
decision_type=2 2 2 2 2 2 2 2 2
left_child=1 2 -1 4 8 -4 -6 -2 -3
right_child=7 3 5 -5 6 -7 -8 -9 -10
leaf_value=0.0025952104427185625 -0.0028599600900049583 0.00031681369737951936 -0.00086670156036535025 -0.0019130525133245269 0.00010762872249392046 0.0015759352377935124 -0.0018487385617271283 -0.00043971075069045663 0.0021415396253833671
leaf_weight=4.0405915230512619 2.7604972869157791 2.7797944992780668 3.3341681361198479 2.9036570489406577 3.7524942308664322 3.0670410990715027 3.0478174835443497 2.7760323733091345 2.7950963824987411
leaf_count=29 20 20 24 21 27 22 22 20 20
internal_value=-5.24812e-06 0.000353745 0.00120047 -0.000194332 0.000174774 0.000229289 -0.000703296 -0.00175074 0.00133148
internal_weight=31.2572 25.7207 10.4418 15.2789 12.3752 6.40121 6.80031 5.53653 5.57489
internal_count=225 185 75 110 89 46 49 40 40
is_linear=0
shrinkage=0.005


Tree=17
num_leaves=10
num_cat=0
split_feature=1 25 12 3 10 13 27 11 13
split_gain=0.78722 0.507859 0.494205 0.425917 0.500378 0.379117 0.305084 0.270565 0.141775
threshold=0.070371373490738756 0.0015769089418483653 -0.0052593213499110272 0.04655508101347295 0.0019411014807574213 0.011851682920911656 117.55000000000001 -0.056346855209771778 0.0049210797915965063
decision_type=2 2 2 2 2 2 2 2 2
left_child=1 2 -1 4 8 -4 -6 -2 -3
right_child=7 3 5 -5 6 -7 -8 -9 -10
leaf_value=0.0025823078750186229 -0.0028476713170017941 0.00027835375247452996 -0.00081480265618028816 -0.0019196442341552762 0.00014791448267084236 0.001565154941785957 -0.001867549612533818 -0.00038140290492342735 0.0021327815787441466
leaf_weight=4.0480058640241623 2.7560485601425171 2.779879689216612 3.3327042013406807 2.8998831808567038 3.7533583790063858 3.0696006268262863 3.0442670285701752 2.7761075794696799 2.7985566854476929
leaf_count=29 20 20 24 21 27 22 22 20 20
internal_value=0 0.000356644 0.00121032 -0.000196777 0.000172776 0.000252068 -0.000688724 -0.00171414 0.00130819
internal_weight=31.2584 25.7263 10.4503 15.2759 12.3761 6.4023 6.79763 5.53216 5.57844
internal_count=225 185 75 110 89 46 49 40 40
is_linear=0
shrinkage=0.005


Tree=18
num_leaves=10
num_cat=0
split_feature=1 25 11 14 3 10 27 11 13
split_gain=0.787867 0.48994 0.477133 0.567359 0.444049 0.517221 0.298254 0.274871 0.127914
threshold=0.070371373490738756 0.0015769089418483653 0.0028997662361562875 9.277641433904444 0.04655508101347295 0.0019411014807574213 117.55000000000001 -0.056346855209771778 0.0049210797915965063
decision_type=2 2 2 2 2 2 2 2 2
left_child=1 2 -1 -4 5 8 -7 -2 -3
right_child=7 4 3 -5 -6 6 -8 -9 -10
leaf_value=0.0024555023803769292 -0.0028708472325131356 0.00033277915481643794 -0.0012309925875161579 0.0017626750777701683 -0.0019593183096473349 0.00012638919886575229 -0.0018633515723852823 -0.0003860129214562161 0.0021249157354159588
leaf_weight=4.3294504582881981 2.7515990287065506 2.7798843830823881 3.0580903738737106 3.0712739527225494 2.8960728645324698 3.7542809993028641 3.0406612008810043 2.7762651294469824 2.8019931465387344
leaf_count=31 20 20 22 22 21 27 22 20 20
internal_value=-8.07811e-06 0.00034447 0.00118277 0.000190271 -0.00019895 0.000178952 -0.000698058 -0.00172717 0.00133206
internal_weight=31.2596 25.7317 10.4588 6.12936 15.2729 12.3768 6.79494 5.52786 5.58188
internal_count=225 185 75 44 110 89 49 40 40
is_linear=0
shrinkage=0.005


Tree=19
num_leaves=10
num_cat=0
split_feature=1 25 12 3 10 13 27 11 13
split_gain=0.792333 0.491553 0.489082 0.409526 0.493271 0.390781 0.306939 0.249685 0.137031
threshold=0.070371373490738756 0.0015769089418483653 -0.0052593213499110272 0.04655508101347295 0.0019411014807574213 0.011851682920911656 117.55000000000001 -0.056346855209771778 0.0049210797915965063
decision_type=2 2 2 2 2 2 2 2 2
left_child=1 2 -1 4 8 -4 -6 -2 -3
right_child=7 3 5 -5 6 -7 -8 -9 -10
leaf_value=0.0025485471945235296 -0.0028292645017948103 0.00027462120970299505 -0.00085213547585314775 -0.001888138782665767 0.00014741792214931166 0.0015666923726017571 -0.0018756114445507379 -0.00043472508554176053 0.0021016123071874787
leaf_weight=4.0610517859458923 2.7468526661396027 2.7801055610179883 3.332824990153318 2.8923245072364798 3.7546448409557343 3.0735083222389221 3.0369281321763992 2.7764838486909857 2.8058241903781891
leaf_count=29 20 20 24 21 27 22 22 20 20
internal_value=-5.08129e-06 0.000348339 0.00118738 -0.000196182 0.00016496 0.000234026 -0.000691216 -0.00172998 0.00129154
internal_weight=31.2605 25.7372 10.4674 15.2698 12.3775 6.40633 6.79157 5.52334 5.58593
internal_count=225 185 75 110 89 46 49 40 40
is_linear=0
shrinkage=0.005


Tree=20
num_leaves=8
num_cat=0
split_feature=8 3 5 0 32 7 18
split_gain=0.59219 0.520936 0.614695 0.493647 0.482484 0.304426 0.274408
threshold=-0.0044905876581598208 0.045191235109139367 -0.00041929151365232892 -0.18359832124000205 164.60000000000002 0.015836368296562774 44.350000000000001
decision_type=2 2 2 2 2 2 2
left_child=4 2 -2 -4 -1 -5 -3
right_child=1 6 3 5 -6 -7 -8
leaf_value=0 0.0019485319917472146 -0.0025915721260093504 0.0016539711976878454 -0.00097823630249442919 0.0027120684256896357 0.00069526816198432859 -0.00023529058140297294
leaf_weight=3.4650858640670767 4.201576888561255 2.7524362057447425 2.9288253486156526 11.087005883455271 3.7727818787097931 3.1987440884113303 3.18082195520401
leaf_count=25 30 20 21 80 27 23 23
internal_value=0.000212766 -0.000107577 0.000236435 -0.00015691 0.00148427 -0.000567524 -0.00142446
internal_weight=34.5873 27.3494 21.4162 17.2146 7.23787 14.2857 5.93326
internal_count=249 197 154 124 52 103 43
is_linear=0
shrinkage=0.005


Tree=21
num_leaves=8
num_cat=0
split_feature=8 32 3 5 0 18 7
split_gain=0.609792 0.508321 0.489002 0.608661 0.493994 0.297073 0.28988
threshold=-0.0044905876581598208 164.60000000000002 0.045191235109139367 -0.00041929151365232892 -0.18359832124000205 44.350000000000001 0.015836368296562774
decision_type=2 2 2 2 2 2 2
left_child=1 -1 3 -2 -5 -4 -6
right_child=2 -3 5 4 6 -7 -8
leaf_value=0 0.0019266611685936478 0.0027641958548265933 -0.0025938782800617195 0.0016415055484741354 -0.00097984233668501155 -0.00016345560009408254 0.00064857966476276527
leaf_weight=3.4646302610635749 4.2060428112745347 3.7778747081756592 2.7472893148660651 2.931140646338469 11.080414384603495 3.180080458521843 3.1991998404264441
leaf_count=25 30 27 20 21 80 23 23
internal_value=0.000216349 0.00150601 -0.00010911 0.00022336 -0.000168308 -0.00138586 -0.000579128
internal_weight=34.5867 7.2425 27.3442 21.4168 17.2108 5.92737 14.2796
internal_count=249 52 197 154 124 43 103
is_linear=0
shrinkage=0.005


Tree=22
num_leaves=9
num_cat=0
split_feature=8 32 3 3 18 8 17 18
split_gain=0.59959 0.508307 0.464766 0.473226 0.289763 0.25394 0.321738 0.253608
threshold=-0.0044905876581598208 164.60000000000002 0.045191235109139367 1.0000000180025095e-35 44.350000000000001 0.0009005447133913914 11.850000000000001 13.200000000000001
decision_type=2 2 2 2 2 2 2 2
left_child=1 -1 3 5 -4 -2 -7 -5
right_child=2 -3 4 7 -6 6 -8 -9
leaf_value=0 0.00069830269875397377 0.0027488731962303507 -0.0025478570085798158 0.0025482683358327572 -0.0001463220534194904 2.3577802343404411e-05 -0.0016277946666354327 0.00019510380807942054
leaf_weight=3.4641539603471747 4.8696127235889497 3.7830616980791092 2.7421130239963523 2.7868740856647483 3.1794885843992233 6.254825219511984 4.7135287523269653 2.7924057394266129
leaf_count=25 35 27 20 20 23 45 34 20
internal_value=0.00021419 0.00149255 -0.00010854 0.000214917 -0.00135415 -0.000199523 -0.000644869 0.00147153
internal_weight=34.5861 7.24722 27.3388 21.4172 5.9216 15.838 10.9684 5.57928
internal_count=249 52 197 154 43 114 79 40
is_linear=0
shrinkage=0.005


Tree=23
num_leaves=8
num_cat=0
split_feature=8 3 5 0 7 7 18
split_gain=0.586001 0.500984 0.582521 0.494665 0.44146 0.293552 0.291686
threshold=-0.0044905876581598208 0.045191235109139367 -0.00041929151365232892 -0.18359832124000205 -0.0076833322065763977 0.015836368296562774 44.350000000000001
decision_type=2 2 2 2 2 2 2
left_child=4 2 -2 -4 -1 -5 -3
right_child=1 6 3 5 -6 -7 -8
leaf_value=0.00031497013149804978 0.0018950527578141044 -0.0026021488585894147 0.0016592113720687591 -0.0009676926783775176 0.002977296343845658 0.00067398232614840771 -0.00018560221639522343
leaf_weight=4.3108255863189697 4.2119670361280503 2.7368872612714759 2.9332866519689622 11.07359823584556 2.9417466968297949 3.1980127394199362 3.1794324368238449
leaf_count=31 30 20 21 80 21 23 23
internal_value=0.000213103 -0.000105899 0.000230655 -0.000152143 0.00147631 -0.000563842 -0.00139974
internal_weight=34.5858 27.3332 21.4169 17.2049 7.25257 14.2716 5.91632
internal_count=249 197 154 124 52 103 43
is_linear=0
shrinkage=0.005


Tree=24
num_leaves=8
num_cat=0
split_feature=5 0 0 7 13 17 8
split_gain=0.571036 0.568273 0.531675 0.482705 0.431686 0.373007 0.20589
threshold=-0.00045160848317270068 -0.19018180649118208 -0.0085294407852454217 -0.0076833322065763977 0.01947034505304102 69.300000000000011 0.0029682068338440408
decision_type=2 2 2 2 2 2 2
left_child=2 -2 -1 -4 5 6 -3
right_child=1 4 3 -5 -6 -7 -8
leaf_value=0.0026531414032721795 0.001736063208185986 -0.0013118380447894454 -0.00071292175856734862 0.0014241497551148372 0.00058060904237582046 -0.0025284040414883802 6.2606430976905615e-05
leaf_weight=3.6402660012245187 2.7934475392103186 4.5534055680036598 4.8618776202201834 5.3014591187238667 4.7342930734157553 3.5744855105876914 5.1260146200656891
leaf_count=26 20 33 35 38 34 26 37
internal_value=0.000209193 -0.000295936 0.00100409 0.000354389 -0.000643148 -0.0011184 -0.00053599
internal_weight=34.5852 20.7816 13.8036 10.1633 17.9882 13.2539 9.67942
internal_count=249 150 99 73 130 96 70
is_linear=0
shrinkage=0.005


Tree=25
num_leaves=7
num_cat=0
split_feature=11 20 18 32 0 4
split_gain=0.607789 0.489064 0.435973 0.356615 0.305699 0.251853
threshold=0.15863742444271026 49.250000000000007 -86.34999999999998 107.05 -0.0069115714094555294 -0.0021005956505893183
decision_type=2 2 2 2 2 2
left_child=1 2 5 -4 -5 -1
right_child=-2 -3 3 4 -6 -7
leaf_value=0.0019438425140774886 0.0014707865686012685 -0.0021866179106752159 0.00045227562187322645 -0.0017997837353462569 -0.0002197185714442155 -1.1866236441666254e-05
leaf_weight=2.7863555550575256 3.9143675416707984 4.1710919588804236 4.578357174992564 7.3273873925209099 6.6510601043701101 2.77278600633145
leaf_count=20 28 30 33 53 48 20
internal_value=-0.000327924 -0.00059663 -0.000296981 -0.000680222 -0.00108708 0.000887824
internal_weight=32.2014 28.287 24.1159 18.5568 13.9784 5.55914
internal_count=232 204 174 134 101 40
is_linear=0
shrinkage=0.005


Tree=26
num_leaves=7
num_cat=0
split_feature=11 20 18 19 8 10
split_gain=0.607047 0.490392 0.418775 0.288369 0.279689 0.262711
threshold=0.15863742444271026 49.250000000000007 -86.34999999999998 -42.79999999999999 -0.00060904473461830466 0.0047435248648928776
decision_type=2 2 2 2 2 2
left_child=1 2 4 -4 -1 -5
right_child=-2 -3 3 5 -6 -7
leaf_value=0.0019844882520889595 0.0014737989335865053 -0.0021845668357557001 -0.0020988131638495842 -0.00087014565878506395 -9.5432105963292859e-05 0.0004317532562275671
leaf_weight=2.7924162298440933 3.9182553291320792 4.1664121598005286 3.0389335304498735 9.6946531087160057 2.7712692022323671 5.8201480805873862
leaf_count=20 28 30 22 70 20 42
internal_value=-0.00032305 -0.000591782 -0.00029198 -0.000668033 0.00086779 -0.000349816
internal_weight=32.2021 28.2838 24.1174 18.5537 5.56369 15.5148
internal_count=232 204 174 134 40 112
is_linear=0
shrinkage=0.005


Tree=27
num_leaves=9
num_cat=0
split_feature=13 17 8 17 15 1 1 14
split_gain=0.44576 0.562968 0.31079 0.23424 0.19359 0.183394 0.134814 0.120703
threshold=0.021733144656300833 -7.2499999999999991 -0.0044905876581598208 69.300000000000011 -32.549999999999997 -1.0000000180025095e-35 0.0037528048971273713 11.084592799166735
decision_type=2 2 2 2 2 2 2 2
left_child=2 -2 -1 4 6 -5 -4 -6
right_child=1 -3 3 5 7 -7 -8 -9
leaf_value=0.00039081992829013734 0.0021405740897382868 -0.00055367643960616767 -0.0018905646790155649 -0.00074459065208741005 0.00081884746253057812 -0.0028216748522404212 -0.00016016218588876498 -0.00046525086819617159
leaf_weight=5.0183087885379818 3.6341722458600998 3.6157261282205573 3.3227284252643612 3.2053316533565521 2.7811567187309256 2.7481769919395438 2.7560795694589615 5.1207737922668457
leaf_count=36 26 26 24 23 20 20 20 37
internal_value=-0.000322308 0.000733793 -0.000650008 -0.000937371 -0.000528355 -0.00180219 -0.0011953 0
internal_weight=32.2025 7.2499 24.9526 19.9342 13.9807 5.95351 6.07881 7.90193
internal_count=232 52 180 144 101 43 44 57
is_linear=0
shrinkage=0.005


Tree=28
num_leaves=7
num_cat=0
split_feature=11 20 18 32 8 21
split_gain=0.587097 0.504717 0.436116 0.340202 0.286463 0.240044
threshold=0.15863742444271026 49.250000000000007 -86.34999999999998 107.05 -0.00060904473461830466 -23.799999999999997
decision_type=2 2 2 2 2 2
left_child=1 2 4 -4 -1 -5
right_child=-2 -3 3 5 -6 -7
leaf_value=0.0020306365145370837 0.0014462304768627452 -0.0021995419885209836 0.00043987777396125037 -0.0017553724497976503 -7.1177348203440162e-05 -0.00033412012461607812
leaf_weight=2.798060268163681 3.9239868819713584 4.1592538207769385 4.5805445909500149 6.7659537643194252 2.7717156857252183 7.2028352320194173
leaf_count=20 28 30 33 49 20 52
internal_value=-0.000318723 -0.000583404 -0.000280045 -0.000664055 0.000904401 -0.00106199
internal_weight=32.2024 28.2784 24.1191 18.5493 5.56978 13.9688
internal_count=232 204 174 134 40 101
is_linear=0
shrinkage=0.005


Tree=29
num_leaves=8
num_cat=0
split_feature=11 32 3 3 19 17 9
split_gain=0.601532 0.447287 0.695387 0.59409 0.702133 0.190471 0.145163
threshold=0.15863742444271026 113.80000000000003 -0.033246729153407088 1.0000000180025095e-35 14.35 22.450000000000006 -0.0005485321654096852
decision_type=2 2 2 2 2 2 2
left_child=1 2 -1 5 -5 -3 -4
right_child=-2 3 6 4 -6 -7 -8
leaf_value=0.0022022824247011218 0.0014583552240613133 -0.0010308899637647068 0 0.0012234367393037923 -0.0017081806638201955 -0.0026749712480760818 -0.0013069638120291889
leaf_weight=3.0823932588100433 3.9278787076473227 5.1331125199794787 3.4544123858213425 4.580584451556204 3.5905247330665588 4.8267900198698044 3.6073162555694598
leaf_count=22 28 37 25 33 26 35 26
internal_value=-0.000327331 -0.000595181 0.000204368 -0.00106935 -6.50117e-06 -0.00188698 -0.000606753
internal_weight=32.203 28.2751 10.1441 18.131 8.17111 9.9599 7.06173
internal_count=232 204 73 131 59 72 51
is_linear=0
shrinkage=0.005


Tree=30
num_leaves=9
num_cat=0
split_feature=13 14 18 1 9 32 29 13
split_gain=0.568399 0.619445 0.589557 0.568238 0.652299 0.432688 0.268048 0.257403
threshold=0.0031861436046297657 12.164006910722227 21.950000000000006 -0.0088976518115522745 0.0028056904816345049 131.05000000000001 356.36500000000007 -0.011516195874691491
decision_type=2 2 2 2 2 2 2 2
left_child=3 2 6 4 -1 -3 -2 -5
right_child=1 5 -4 7 -6 -7 -8 -9
leaf_value=0.001757892776487397 0 0.00036890250049523152 -0.0013629837657281169 -0.00065306673338255043 -0.0012027996768360788 0.0033017619000249789 0.0020516256371876252 -0.0026030923043662878
leaf_weight=3.6267403215169915 2.7924671173095721 3.064602017402648 5.1395569443702698 4.5333932787179938 3.6025781482458115 2.8007794916629791 2.782623291015625 3.988039851188657
leaf_count=26 20 22 37 33 26 20 20 29
internal_value=-6.25887e-05 0.000565723 -0.000107165 -0.000755322 0.000215679 0.00186997 0.000963485 -0.00163388
internal_weight=32.3308 16.58 10.7146 15.7508 7.22932 5.86538 5.57509 8.52143
internal_count=233 119 77 114 52 42 40 62
is_linear=0
shrinkage=0.005


Tree=31
num_leaves=8
num_cat=0
split_feature=13 5 31 3 10 8 10
split_gain=0.565316 0.675012 0.590992 0.341513 0.45391 0.904671 0.182622
threshold=0.01947034505304102 -0.0018652151596594915 130.155 0.051448997470356257 0.0057802354631631128 0.00048717399411752905 0.010894134804781167
decision_type=2 2 2 2 2 2 2
left_child=1 -1 -2 4 5 -3 -6
right_child=2 3 -4 -5 6 -7 -8
leaf_value=0.0013256444990278112 0.0021929668702504769 -0.0013526883507872999 -0.00035339194756698971 -0.0022172076645246654 -0.0025520309355688332 0.0017358986641325242 -0.00060014799893312891
leaf_weight=4.0401527583599117 4.7615624368190748 4.5873062461614627 3.7602910548448563 3.9576602578163138 2.7546395510435095 4.7203095704317093 3.7484555095434189
leaf_count=29 34 33 27 29 20 34 27
internal_value=-6.75679e-05 -0.000477521 0.00101554 -0.000873686 -0.000499928 0.000161146 -0.00151641
internal_weight=32.3304 23.8085 8.52185 19.7684 15.8107 9.30762 6.5031
internal_count=233 172 61 143 114 67 47
is_linear=0
shrinkage=0.005


Tree=32
num_leaves=9
num_cat=0
split_feature=32 8 23 28 6 1 10 11
split_gain=0.480961 0.5458 0.468958 0.499729 0.242004 0.138525 0.108575 0.107427
threshold=131.05000000000001 -0.0047903069020031894 0.22343749916835656 213.19500000000002 -0.0019140218907129423 0.037205389440005406 0.0035567629082762235 -0.054074330029893529
decision_type=2 2 2 2 2 2 2 2
left_child=4 -2 3 6 -1 -6 -3 -5
right_child=1 2 -4 7 5 -7 -8 -9
leaf_value=-0.0017598359250590636 0.0021059577649222391 0.0023606313880830329 -0.0015316128717661661 -0.001175524943881058 0.00019448372240807554 -0.0010264270434422209 0.0006053958125230895 3.7460192541363235e-05
leaf_weight=4.566126435995101 3.7892407774925241 2.7900761067867261 3.7322924584150323 2.7549382299184781 5.1474512964487058 3.5819337964057922 2.7806892246007919 3.1879248917102831
leaf_count=33 27 20 27 20 37 26 20 23
internal_value=-7.12268e-05 0.000420974 0 0.000496564 -0.000812312 -0.000252534 0.00158663 -0.000446528
internal_weight=32.3307 19.0352 15.2459 11.5136 13.2955 8.72939 5.57077 5.94286
internal_count=233 137 110 83 96 63 40 43
is_linear=0
shrinkage=0.005


Tree=33
num_leaves=9
num_cat=0
split_feature=13 14 1 9 26 26 32 13
split_gain=0.569077 0.637119 0.5429 0.60568 0.425434 0.477386 0.400975 0.264019
threshold=0.0031861436046297657 12.164006910722227 -0.0088976518115522745 0.0028056904816345049 242.54000000000005 153.61000000000004 131.05000000000001 -0.011516195874691491
decision_type=2 2 2 2 2 2 2 2
left_child=2 4 3 -1 5 -2 -3 -4
right_child=1 6 7 -5 -6 -7 -8 -9
leaf_value=0.0016749642582359941 -0.00044058853967319324 0.00042575255346632203 -0.00062887117298320082 -0.0011786273570765962 -0.0017687423330923974 0.0020446335445668705 0.0032656673664119913 -0.0025978314365950272
leaf_weight=3.6330259740352639 4.8599622249603289 3.0650758743286124 4.5307694673538199 3.5975145548582077 2.915249228477478 2.939287394285202 2.8110077232122421 3.9785109311342213
leaf_count=26 35 22 33 26 21 21 20 29
internal_value=-6.49441e-05 0.00056328 -0.000758478 0.000188156 -0.000120399 0.00043937 0.00188478 -0.00161767
internal_weight=32.3304 16.5906 15.7398 7.23054 10.7145 7.79925 5.87608 8.50928
internal_count=233 119 114 52 77 56 42 62
is_linear=0
shrinkage=0.005


Tree=34
num_leaves=9
num_cat=0
split_feature=32 8 23 10 5 6 9 0
split_gain=0.48243 0.550773 0.452527 0.493182 0.508265 0.250602 0.208987 0.173395
threshold=131.05000000000001 -0.0047903069020031894 0.22343749916835656 0.0075329310830460653 0.0006340228404398202 -0.0019140218907129423 0.00072149353779311215 0.011106844580295762
decision_type=2 2 2 2 2 2 2 2
left_child=5 -2 3 4 -3 -1 7 -7
right_child=1 2 -4 -5 -6 6 -8 -9
leaf_value=-0.0017803954455747845 0.0021094738228442243 0 -0.0015096897696496062 -0.00078348101707141681 0.0027159768425885932 -0.0017256790429793134 0.00078288960663809343 0
leaf_weight=4.5577300786972037 3.7980947792530069 3.8828210085630399 3.7285708189010629 4.2887866646051407 3.3491649031639099 2.7562536895275098 2.7940812557935715 3.1743793338537216
leaf_count=33 27 28 27 31 24 20 20 23
internal_value=-7.34384e-05 0.000419092 0 0.000483166 0.00130321 -0.000816168 -0.000248206 -0.00082007
internal_weight=32.3299 19.0474 15.2493 11.5208 7.23199 13.2824 8.72471 5.93063
internal_count=233 137 110 83 52 96 63 43
is_linear=0
shrinkage=0.005


Tree=35
num_leaves=10
num_cat=0
split_feature=13 30 14 32 24 8 23 15 0
split_gain=0.518426 0.590948 0.697648 0.435902 0.487329 0.323799 0.204465 0.127398 0.111927
threshold=0.0031861436046297657 71.13000000000001 11.247529054222108 114.45000000000003 0.4292811142778617 -0.0025956518010863978 0.15388625304039763 1.0000000180025095e-35 0.021308419838567575
decision_type=2 2 2 2 2 2 2 2 2
left_child=1 -1 6 8 5 -5 -3 -4 -2
right_child=3 2 7 4 -6 -7 -8 -9 -10
leaf_value=0.0010255909368223658 -0.0010031511322761285 0.00075069892253475459 -0.0013187256259337044 0.00071832679962106764 -2.0235520329880811e-05 0.0034189251779051162 -0.0010302746723336294 -0.0032239882787908113 0.00021621568568752519
leaf_weight=3.4608772844076219 3.6106517165899268 3.4627192914485914 3.034907653927803 2.8134667575359336 3.7650065124034882 2.8132921606302252 2.9006775319576263 3.2880621701478958 2.7797371596097946
leaf_count=25 26 25 22 20 27 20 21 24 20
internal_value=-7.57855e-05 -0.000718166 -0.00123528 0.000550066 0.00124649 0.00217488 0 -0.00240548 -0.000397546
internal_weight=31.9294 16.1472 12.6864 15.7822 9.39177 5.62676 6.3634 6.32297 6.39039
internal_count=230 117 92 113 67 40 46 46 46
is_linear=0
shrinkage=0.005


Tree=36
num_leaves=7
num_cat=0
split_feature=0 8 2 23 2 18
split_gain=0.452162 0.463031 0.695617 0.418147 0.571058 0.22887
threshold=-0.19018180649118208 0.0045215754426029707 0.061036550555869214 0.31456823981142618 -0.040150114176620004 1.0000000180025095e-35
decision_type=2 2 2 2 2 2
left_child=-1 2 3 4 -2 -3
right_child=1 5 -4 -5 -6 -7
leaf_value=0.001752338605040475 0.0027880511130393159 -0.0020923505912289557 -0.001525032246811982 -0.00061521269602037281 0.00031043629198240145 -5.6074058301979088e-05
leaf_weight=2.9341240078210857 3.5003771483898261 4.4164444506168357 5.0933061540126792 4.734190121293067 8.4888642132282239 2.7630232125520706
leaf_count=21 25 32 37 34 61 20
internal_value=-7.85328e-05 -0.00028371 5.77317e-05 0.000572698 0.00108391 -0.00138366
internal_weight=31.9303 28.9962 21.8167 16.7234 11.9892 7.17947
internal_count=230 209 157 120 86 52
is_linear=0
shrinkage=0.005


Tree=37
num_leaves=10
num_cat=0
split_feature=13 30 14 32 24 23 26 1 0
split_gain=0.518452 0.578806 0.698441 0.404235 0.47267 0.201599 0.175936 0.174107 0.120373
threshold=0.0031861436046297657 71.13000000000001 11.247529054222108 114.45000000000003 0.4292811142778617 0.15388625304039763 232.17000000000004 0.042933769340913981 0.021308419838567575
decision_type=2 2 2 2 2 2 2 2 2
left_child=1 -1 5 8 6 -3 -5 -4 -2
right_child=3 2 7 4 -6 -7 -8 -9 -10
leaf_value=0.001005486891904544 -0.00099302752878825153 0.00074995032572603999 -0.0012698836762229102 0.0031056068238825381 -2.6339276357261609e-05 -0.001019246657899979 0.00094493562168671192 -0.0033565890511779162 0.00028864282739333991
leaf_weight=3.4648183137178483 3.6065263152122489 3.46522508561611 3.1823077201843262 2.8252114951610547 3.7640631794929504 2.8983395844697952 2.8115271478891373 3.1328620165586472 2.7796682119369507
leaf_count=25 26 25 23 20 27 21 20 23 20
internal_value=-7.51846e-05 -0.000717752 -0.00123006 0.000550515 0.0012203 0 0.0021336 -0.00240185 -0.000359571
internal_weight=31.9305 16.1436 12.6787 15.787 9.4008 6.36356 5.63674 6.31517 6.38619
internal_count=230 117 92 113 67 46 40 46 46
is_linear=0
shrinkage=0.005


Tree=38
num_leaves=9
num_cat=0
split_feature=13 30 14 32 3 23 1 3
split_gain=0.505313 0.593679 0.676339 0.384351 0.387103 0.21093 0.192375 0.120501
threshold=0.0031861436046297657 75.675000000000026 11.247529054222108 114.45000000000003 -1.0000000180025095e-35 0.15388625304039763 0.042933769340913981 -0.0022230725098939526
decision_type=2 2 2 2 2 2 2 2
left_child=1 -1 5 7 -5 -3 -4 -2
right_child=3 2 6 4 -6 -7 -8 -9
leaf_value=0.00092095466006041375 0.00017319766179665067 0.0008623928807651749 -0.0012285720201514309 0 0.0020515062045895946 -0.001003110839278838 -0.00338212573321388 -0.0011097426339604583
leaf_weight=3.8799049109220567 3.4846110343933105 3.0546732693910581 3.1807901263237 3.9100934565067282 5.4982379376888266 2.8958735316991806 3.1268081814050674 2.8993610292673102
leaf_count=28 25 22 23 28 39 21 23 21
internal_value=-6.75622e-05 -0.00070249 -0.00125861 0.000549875 0.00120234 0 -0.00239298 -0.000335849
internal_weight=31.9304 16.1381 12.2581 15.7923 9.40833 5.95055 6.3076 6.38397
internal_count=230 117 89 113 67 43 46 46
is_linear=0
shrinkage=0.005


Tree=39
num_leaves=10
num_cat=0
split_feature=13 30 21 6 23 1 15 0 20
split_gain=0.507233 0.587487 0.341275 0.357293 0.356666 0.333366 0.225321 0.106821 0.0506353
threshold=0.0031861436046297657 71.13000000000001 67.250000000000014 0.0032209613641071937 0.22864941257501101 0.060715633888222216 -37.399999999999991 0.021308419838567575 -3.1000000000000001
decision_type=2 2 2 2 2 2 2 2 2
left_child=1 -1 3 4 7 6 -3 -2 -8
right_child=2 5 -4 -5 -6 -7 8 -9 -10
leaf_value=0.0010233555793689084 0.0020610580934038235 0.00017446083402368427 0.0018149605453744739 -0.0014348197579886288 -0.00068501142847548883 -0.0026129113409126361 -0.0018913113072271657 0.00043826146521577439 -0.00052945009161895189
leaf_weight=3.4709426313638749 2.9434335529804212 3.7516842186450976 3.9372963905334464 2.7675533592700949 3.0700296461582184 3.3929693400859824 2.7514421343803424 3.0804925709962845 2.7649293988943047
leaf_count=25 21 27 28 20 22 25 20 22 20
internal_value=-7.56721e-05 -0.000711812 0.000542531 7.23399e-05 0.000591031 -0.00122899 -0.000657382 0.00132396 -0.00130943
internal_weight=31.9308 16.132 15.7988 11.8615 9.09396 12.661 9.26806 6.02393 5.51637
internal_count=230 117 113 85 65 92 67 43 40
is_linear=0
shrinkage=0.005


Tree=40
num_leaves=8
num_cat=0
split_feature=8 11 15 6 8 2 3
split_gain=0.42586 0.790047 0.414961 0.349713 0.374758 0.368059 0.120793
threshold=-0.0044905876581598208 0.061912725816960841 -37.399999999999991 -0.002744499153381747 1.0000000180025095e-35 0.024405730243897698 -0.024862918210595605
decision_type=2 2 2 2 2 2 2
left_child=1 -1 6 -4 -5 -6 -2
right_child=2 -3 3 4 5 -7 -8
leaf_value=0.0027982971396941564 -0.0018440377056284654 -0.00062241021711613822 -0.0015333753194284798 0.0016489403862453246 -0.00095657764399624816 0.00081819065827170169 -0.00036307006332713223
leaf_weight=3.2306692153215399 4.8523644357919693 3.0710854679346085 2.898350432515147 4.0364793092012397 6.0970064252614957 5.4021582305431366 3.3151973932981509
leaf_count=23 35 22 21 29 44 39 24
internal_value=-8.27233e-05 0.00106076 -0.000373851 1.61355e-05 0.000341287 -7.95888e-05 -0.00130963
internal_weight=32.9033 6.30175 26.6016 18.434 15.5356 11.4992 8.16756
internal_count=237 45 192 133 112 83 59
is_linear=0
shrinkage=0.005


Tree=41
num_leaves=8
num_cat=0
split_feature=8 11 15 5 8 2 10
split_gain=0.451489 0.823486 0.423465 0.348202 0.365385 0.40181 0.125881
threshold=-0.0044905876581598208 0.061912725816960841 -37.399999999999991 -0.0011734469098182963 -0.0010579791199355523 0.024405730243897698 0.00045098337553238114
decision_type=2 2 2 2 2 2 2
left_child=1 -1 6 -4 -5 -6 -2
right_child=2 -3 3 4 5 -7 -8
leaf_value=0.0028652171742248314 -0.00045514776691260849 -0.00062715769008066095 -0.0015357816180500538 0.0019595914449534006 -0.0008716670380975104 0.00089738685606222763 -0.0019403240196183217
leaf_weight=3.2364110797643653 3.7382899969816226 3.0700640976428986 2.8948956876993206 2.7875943183898952 6.6504102051258034 6.1020221263170242 4.4227180182933807
leaf_count=23 27 22 21 20 48 44 32
internal_value=-8.27017e-05 0.00109487 -0.000382225 1.17948e-05 0.00033616 0 -0.00132782
internal_weight=32.9024 6.30648 26.5959 18.4349 15.54 12.7524 8.16101
internal_count=237 45 192 133 112 92 59
is_linear=0
shrinkage=0.005


Tree=42
num_leaves=7
num_cat=0
split_feature=8 11 11 20 10 0
split_gain=0.430124 0.814339 0.340323 0.262462 0.312836 0.342996
threshold=-0.0044905876581598208 0.061912725816960841 0.1391576028689028 49.250000000000007 0.014037148679704394 -0.065982508488193523
decision_type=2 2 2 2 2 2
left_child=1 -1 3 4 5 -2
right_child=2 -3 -4 -5 -6 -7
leaf_value=0.0028264885304396621 -0.0017462659896174762 -0.00064639556319841544 0.0011579853655830149 -0.0019178800136638299 0.00099142886205059143 -0.00013270059820682931
leaf_weight=3.2421714663505545 4.9540810734033682 3.0689934194087982 2.9544726163148871 3.311684474349021 3.3301545530557624 12.040466874837877
leaf_count=23 36 22 21 24 24 87
internal_value=-8.10474e-05 0.00106729 -0.000373856 -0.000588481 -0.000343155 -0.000636149
internal_weight=32.902 6.31116 26.5909 23.6364 20.3247 16.9945
internal_count=237 45 192 171 147 123
is_linear=0
shrinkage=0.005


Tree=43
num_leaves=9
num_cat=0
split_feature=20 11 17 11 14 13 13 4
split_gain=0.313671 0.435754 0.442927 0.427489 0.34915 0.325265 0.271595 0.0553466
threshold=19.400000000000002 -0.19406739594694708 -40.849999999999987 0.038142118287784472 8.4375129428322797 0.0038598035797101642 0.0081641760649229251 -0.0015064171136846035
decision_type=2 2 2 2 2 2 2 2
left_child=1 -1 7 -2 6 -6 -4 -3
right_child=3 2 4 -5 5 -7 -8 -9
leaf_value=0.0020423213277253054 -0.0018232550886095431 -0.00028270113524363595 0.00057338411526033212 0.00028093900589139578 8.1789051638733422e-05 0.0022384868590189992 -0.0015486982480832127 -0.0014120606220012811
leaf_weight=2.7844430804252651 5.2201890349388105 3.2067464143037796 2.7756485641002637 3.7766580432653427 4.1624977439641953 3.788549393415451 2.769735261797905 4.416574344038966
leaf_count=20 38 23 20 27 30 27 20 32
internal_value=-8.44409e-05 0.000198355 -2.53861e-05 -0.000888027 0.000493882 0.00117948 -0.000401534 -0.00100709
internal_weight=32.901 23.9042 21.1198 8.99685 13.4964 7.95105 5.54538 7.62332
internal_count=237 172 152 65 97 57 40 55
is_linear=0
shrinkage=0.005


Tree=44
num_leaves=8
num_cat=0
split_feature=8 11 15 5 8 10 10
split_gain=0.428934 0.774425 0.396953 0.334402 0.37486 0.360329 0.133735
threshold=-0.0044905876581598208 0.061912725816960841 -37.399999999999991 -0.0011734469098182963 1.0000000180025095e-35 0.014037148679704394 0.00045098337553238114
decision_type=2 2 2 2 2 2 2
left_child=1 -1 6 -4 -5 -6 -2
right_child=2 -3 3 4 5 -7 -8
leaf_value=0.0027699119935742124 -0.00040989317557144246 -0.00061165497348014794 -0.0015190904925162503 0.0016257750981306146 -0.0006601898294934205 0.001344629405686518 -0.0019224114706574088
leaf_weight=3.2488085180521002 3.7347812950611132 3.0675549656152725 2.8909828662872341 4.0435259044170371 8.5794907957315427 2.9212587624788275 4.4139603674411774
leaf_count=23 27 22 21 29 62 21 32
internal_value=-8.85183e-05 0.0010572 -0.000380989 0 0.000317635 -0.00010405 -0.0012969
internal_weight=32.9004 6.31636 26.584 18.4353 15.5443 11.5007 8.14874
internal_count=237 45 192 133 112 83 59
is_linear=0
shrinkage=0.005


Tree=45
num_leaves=9
num_cat=0
split_feature=8 7 23 11 8 12 3 7
split_gain=0.471444 0.504633 0.479889 0.618891 0.437805 0.361315 0.185054 0.086614
threshold=-0.0044905876581598208 -0.0078749057769275307 0.22343749916835656 0.014716716449192592 0.006628039000978519 0.034933555482361107 -0.035402890268585278 -0.00085752939218887371
decision_type=2 2 2 2 2 2 2 2
left_child=1 -1 3 4 6 -5 -2 -4
right_child=2 -3 7 5 -6 -7 -8 -9
leaf_value=0 -0.00052769726701593729 0.0026844126657479916 -0.0022298693725197626 0.0021044100604372231 0.0003406807370097849 0 -0.0023785685015186918 -0.00064733428253090466
leaf_weight=4.4754713624715805 3.7210880517959621 2.8333673775196067 3.3030354529619217 4.197415128350257 5.2631793171167374 3.0788184404373169 3.4143740385770824 2.7741096913814536
leaf_count=32 27 20 24 30 38 22 25 20
internal_value=-4.5658e-05 0.00105315 -0.000378333 0 -0.000676391 0.00115521 -0.00149333 -0.00160025
internal_weight=33.0609 7.30884 25.752 19.6749 12.3986 7.27623 7.13546 6.07715
internal_count=238 52 186 142 90 52 52 44
is_linear=0
shrinkage=0.005


Tree=46
num_leaves=9
num_cat=0
split_feature=8 7 23 11 8 12 2 32
split_gain=0.483966 0.484152 0.477143 0.594393 0.451359 0.34405 0.163412 0.0951111
threshold=-0.0044905876581598208 -0.0078749057769275307 0.22343749916835656 0.014716716449192592 0.006628039000978519 0.034933555482361107 -0.017571165719028611 154.59999999999999
decision_type=2 2 2 2 2 2 2 2
left_child=1 -1 3 4 6 -5 -2 -4
right_child=2 -3 7 5 -6 -7 -8 -9
leaf_value=0 -0.00039794062279105863 0.0026614298219756094 -0.00062460233775026551 0.0020489507083360308 0.00036310529600409885 0 -0.0021856943550626214 -0.0022523076687580314
leaf_weight=4.4756709784269333 3.0381652861833599 2.8378014415502539 2.7639355659484854 4.2034176588058463 5.2640427798032761 3.0791351199150085 4.091286867856982 3.3076648414134979
leaf_count=32 22 20 20 30 38 22 30 24
internal_value=-4.80559e-05 0.00106495 -0.000385033 0 -0.000671109 0.00112349 -0.00150158 -0.00160417
internal_weight=33.0611 7.31347 25.7476 19.676 12.3935 7.28255 7.12945 6.0716
internal_count=238 52 186 142 90 52 52 44
is_linear=0
shrinkage=0.005


Tree=47
num_leaves=10
num_cat=0
split_feature=5 26 11 2 1 14 32 7 7
split_gain=0.419439 0.593652 0.513165 0.482383 0.372251 0.523871 0.367981 0.113031 0.216892
threshold=-0.00055031202489559715 149.64000000000001 0.075835798350491271 0.051307204421921944 0.070371373490738756 12.164006910722227 160.40000000000001 0.0023376824540110789 0.013061802265285987
decision_type=2 2 2 2 2 2 2 2 2
left_child=2 4 3 -1 5 -2 -4 -3 -9
right_child=1 7 6 -5 -6 -7 -8 8 -10
leaf_value=0.0024118659128378921 -0.00010633572266318894 -0.0021944564017412427 -0.0017299876682727016 -2.3756729942007579e-05 -0.0010439933979959866 0.0025843657197098958 0.00071977679955049655 7.3668498055036869e-06 -0.0016846571957953025
leaf_weight=4.9372216165065748 3.7349311411380786 3.5793881267309171 2.9051233679056168 2.7618232518434525 3.0318112224340439 2.9440753608942032 2.813553050160408 2.915231928229332 3.4380750060081482
leaf_count=35 27 26 21 20 22 21 20 21 25
internal_value=-3.8974e-05 -0.000517987 0.000624493 0.00147911 0.000319432 0.0010158 -0.000442252 -0.00138429 -0.000836188
internal_weight=33.0612 19.6435 13.4177 7.69904 9.71082 6.67901 5.71868 9.9327 6.35331
internal_count=238 142 96 55 70 48 41 72 46
is_linear=0
shrinkage=0.005


Tree=48
num_leaves=9
num_cat=0
split_feature=8 7 23 11 8 12 3 32
split_gain=0.491333 0.485059 0.466992 0.592226 0.438062 0.344819 0.183575 0.105089
threshold=-0.0044905876581598208 -0.0078749057769275307 0.22343749916835656 0.014716716449192592 0.006628039000978519 0.034933555482361107 -0.035402890268585278 154.59999999999999
decision_type=2 2 2 2 2 2 2 2
left_child=1 -1 3 4 6 -5 -2 -4
right_child=2 -3 7 5 -6 -7 -8 -9
leaf_value=0 -0.00053248970730898095 0.0026683436659886294 -0.00058962269299545165 0.002039515462082309 0.00033940785442209515 -5.1619891242174188e-06 -0.0023799691709072168 -0.0022654312538254581
leaf_weight=4.4771872758865356 3.7182004600763348 2.8442496955394736 2.7623887211084357 4.2102892249822608 5.2648962736129761 3.0790827721357346 3.4041221439838436 3.3021448850631714
leaf_count=32 27 20 20 30 38 22 25 24
internal_value=-4.82046e-05 0.00107261 -0.000387841 0 -0.000677267 0.00111355 -0.00149564 -0.00159494
internal_weight=33.0626 7.32144 25.7411 19.6766 12.3872 7.28937 7.12232 6.06453
internal_count=238 52 186 142 90 52 52 44
is_linear=0
shrinkage=0.005


Tree=49
num_leaves=9
num_cat=0
split_feature=8 23 11 7 8 12 3 32
split_gain=0.459048 0.474248 0.599529 0.466206 0.434355 0.340921 0.183368 0.101949
threshold=-0.0044905876581598208 0.22343749916835656 0.014716716449192592 -0.0078749057769275307 0.006628039000978519 0.034933555482361107 -0.035402890268585278 154.59999999999999
decision_type=2 2 2 2 2 2 2 2
left_child=3 2 4 -1 6 -4 -2 -3
right_child=1 7 5 -5 -6 -7 -8 -9
leaf_value=0 -0.00051941509500574141 -0.00059418372175998552 0.0020549853908377255 0.0026002946157687684 0.00034721445838069683 0 -0.0023643939140403419 -0.0022542444701618772
leaf_weight=4.4774286597967148 3.7171273380517986 2.7616807967424384 4.2160909175872794 2.8486710190773001 5.266075000166893 3.0794033706188202 3.3990726768970516 3.2973699420690536
leaf_count=32 27 20 30 20 38 22 25 24
internal_value=-4.46075e-05 -0.000373525 0 0.0010378 -0.00066487 0.00113679 -0.00148079 -0.0015905
internal_weight=33.0629 25.7368 19.6778 7.3261 12.3823 7.29549 7.1162 6.05905
internal_count=238 186 142 52 90 52 52 44
is_linear=0
shrinkage=0.005


Tree=50
num_leaves=7
num_cat=0
split_feature=4 3 10 7 26 2
split_gain=0.592013 0.433763 0.388069 0.563798 0.434651 0.284675
threshold=-0.013866200620347156 0.074434363380381466 0.0060755185987256691 0.0030040473148377172 139.19000000000003 0.028185120216151941
decision_type=2 2 2 2 2 2
left_child=-1 2 3 5 -4 -2
right_child=1 -3 4 -5 -6 -7
leaf_value=0.0015578301834995006 -0.00049602506949084459 -0.0019194312755221002 0.00014042461604409439 0.0023296817680665415 -0.0020393032391166047 0.0011990662656967009
leaf_weight=4.7827690392732611 10.014390707016 3.7115300297737113 3.8906968086957914 2.9307307153940192 4.3971313238143921 3.1965198367834082
leaf_count=34 72 27 28 21 32 23
internal_value=-4.13143e-05 -0.000333118 -6.82581e-05 0.000360974 -0.000961363 -4.52003e-05
internal_weight=32.9238 28.141 24.4295 16.1416 8.28783 13.2109
internal_count=237 203 176 116 60 95
is_linear=0
shrinkage=0.005


Tree=51
num_leaves=7
num_cat=0
split_feature=4 3 10 2 9 18
split_gain=0.590434 0.43526 0.381299 0.53804 0.505165 0.367712
threshold=-0.013866200620347156 0.074434363380381466 0.0060755185987256691 0.024405730243897698 0.00051726388185726073 -31.999999999999996
decision_type=2 2 2 2 2 2
left_child=-1 2 3 4 -2 -4
right_child=1 -3 5 -5 -6 -7
leaf_value=0.0015471338999148026 -0.0019344155085167683 -0.0019308047027082581 -0.0023920865566011617 0.0018603774474566901 0.00039761277053181033 -8.5309907853093177e-05
leaf_weight=4.7857211232185355 3.0374481827020743 3.7075637876987448 2.8932003229856491 4.3161811530590048 8.7933171689510328 5.3909340649843198
leaf_count=34 22 27 21 31 63 39
internal_value=-4.88748e-05 -0.000340319 -7.50785e-05 0.000349853 -0.000164652 -0.000960454
internal_weight=32.9244 28.1386 24.4311 16.1469 11.8308 8.28413
internal_count=237 203 176 116 85 60
is_linear=0
shrinkage=0.005


Tree=52
num_leaves=7
num_cat=0
split_feature=4 3 10 7 2 30
split_gain=0.587174 0.404708 0.376006 0.536221 0.284246 0.246323
threshold=-0.013866200620347156 0.074434363380381466 0.0060755185987256691 0.0030040473148377172 0.028185120216151941 91.905000000000015
decision_type=2 2 2 2 2 2
left_child=-1 2 3 4 -2 -4
right_child=1 -3 5 -5 -6 -7
leaf_value=0.0015409705279994337 -0.00050881099007507081 -0.0018763890658902267 0 0.0022560325167426797 0.0011822247616221785 -0.0017399161656348719
leaf_weight=4.788704425096511 10.011946350336084 3.7036810070276251 3.7433512955903989 2.937192201614379 3.2028760761022559 4.5375681966543198
leaf_count=34 72 27 27 21 23 33
internal_value=-4.99359e-05 -0.000340692 -8.41233e-05 0.000337316 -5.83497e-05 -0.000963254
internal_weight=32.9253 28.1366 24.4329 16.152 13.2148 8.28092
internal_count=237 203 176 116 95 60
is_linear=0
shrinkage=0.005


Tree=53
num_leaves=7
num_cat=0
split_feature=4 3 10 7 26 4
split_gain=0.607439 0.408272 0.373423 0.51515 0.42544 0.336494
threshold=-0.013866200620347156 0.074434363380381466 0.0060755185987256691 0.0023376824540110789 139.19000000000003 -0.00061417287731701175
decision_type=2 2 2 2 2 2
left_child=-1 2 3 5 -4 -2
right_child=1 -3 4 -5 -6 -7
leaf_value=0.0015743548767328283 0.00048106679404287116 -0.0018826850979714739 0.00012907553429184726 0.0019875946332045032 -0.0020267082454514568 -0.001192193374641511
leaf_weight=4.7916049510240546 7.8261444866657301 3.6997337341308585 3.8907448947429639 3.6404514908790579 4.3863990604877472 4.6901361942291304
leaf_count=34 56 27 28 26 32 34
internal_value=-4.38779e-05 -0.000339534 -8.20834e-05 0.000337694 -0.000958628 -0.000108402
internal_weight=32.9252 28.1336 24.4339 16.1567 8.27714 12.5163
internal_count=237 203 176 116 60 90
is_linear=0
shrinkage=0.005


Tree=54
num_leaves=7
num_cat=0
split_feature=4 3 10 2 9 26
split_gain=0.588601 0.418693 0.370776 0.508332 0.499072 0.432467
threshold=-0.013866200620347156 0.074434363380381466 0.0060755185987256691 0.024405730243897698 0.00051726388185726073 139.19000000000003
decision_type=2 2 2 2 2 2
left_child=-1 2 3 4 -2 -4
right_child=1 -3 5 -5 -6 -7
leaf_value=0.0015465911784448925 -0.0019185737815674581 -0.0018996957845302735 0.00014735484447120581 0.001807562122362452 0.00040044156624049468 -0.0020290557822363344
leaf_weight=4.7948457598686209 3.0344636887312033 3.6959216296672812 3.891875818371771 4.3284657746553412 8.7982659786939603 4.381658211350441
leaf_count=34 22 27 28 31 63 32
internal_value=-4.53231e-05 -0.000336669 -7.64328e-05 0.000341726 -0.000157755 -0.000950465
internal_weight=32.9255 28.1307 24.4347 16.1612 11.8327 8.27353
internal_count=237 203 176 116 85 60
is_linear=0
shrinkage=0.005


Tree=55
num_leaves=6
num_cat=0
split_feature=7 7 7 1 6
split_gain=0.625024 0.28956 0.502237 0.276989 0.312518
threshold=-0.011225241581399314 -0.0076833322065763977 -0.003734979661001247 0.058405001158304611 0.010682436751571463
decision_type=2 2 2 2 2
left_child=-1 -2 -3 4 -4
right_child=1 2 3 -5 -6
leaf_value=0.0020953501509519586 -0.0016176332394783107 0.0015107802293066409 0.0002639644995279747 -0.0013194535658204113 -0.0015560089954365698
leaf_weight=3.2355010211467734 3.1747025996446636 4.3731695711612728 14.869880735874181 5.3432267010211936 2.7475680857896796
leaf_count=23 23 31 107 39 20
internal_value=9.45408e-06 -0.000198464 -1.27227e-05 -0.000327276 0
internal_weight=33.744 30.5085 27.3338 22.9607 17.6174
internal_count=243 220 197 166 127
is_linear=0
shrinkage=0.005


Tree=56
num_leaves=7
num_cat=0
split_feature=7 7 8 11 14 14
split_gain=0.600011 0.278366 0.894147 0.353187 0.654074 0.498066
threshold=-0.011225241581399314 -0.0076833322065763977 -0.0044905876581598208 -0.10673613268738695 9.277641433904444 9.1194883335575554
decision_type=2 2 2 2 2 2
left_child=-1 -2 -3 5 -5 -4
right_child=1 2 3 4 -6 -7
leaf_value=0.0020517746694510017 -0.0015870508830836266 0.0025921002995859953 0.00011419670931566908 -0.0012648556784284923 0.000741837030417687 -0.0024601596085271306
leaf_weight=3.239376723766326 3.1701316386461285 2.8537025600671795 2.8895195424556794 6.217693865299224 11.443225711584089 3.9302771985530853
leaf_count=23 23 20 21 45 82 29
internal_value=9.08962e-06 -0.000194468 -1.21008e-05 -0.000340718 5.55433e-06 -0.00130374
internal_weight=33.7439 30.5046 27.3344 24.4807 17.6609 6.8198
internal_count=243 220 197 177 127 50
is_linear=0
shrinkage=0.005


Tree=57
num_leaves=7
num_cat=0
split_feature=7 7 8 11 14 14
split_gain=0.598594 0.283776 0.891458 0.343639 0.671225 0.501783
threshold=-0.011225241581399314 -0.0076833322065763977 -0.0044905876581598208 -0.10673613268738695 8.7503418913491924 9.1194883335575554
decision_type=2 2 2 2 2 2
left_child=-1 -2 -3 5 -5 -4
right_child=1 2 3 4 -6 -7
leaf_value=0.0020495129396660055 -0.0015992183051147075 0.0025894422869367872 0.00013647468033551967 -0.0014597695399035523 0.00066464481295565564 -0.0024507795886385729
leaf_weight=3.2438572645187369 3.1661522090435055 2.8581323027610805 2.890363544225699 5.2394680380821219 12.421688392758368 3.9240484684705734
leaf_count=23 23 20 21 38 89 29
internal_value=1.08754e-05 -0.00019258 -8.76259e-06 -0.000337215 3.83028e-06 -0.00128754
internal_weight=33.7437 30.4999 27.3337 24.4756 17.6612 6.81441
internal_count=243 220 197 177 127 50
is_linear=0
shrinkage=0.005


Tree=58
num_leaves=7
num_cat=0
split_feature=7 7 8 11 26 1
split_gain=0.614165 0.281283 0.890591 0.341775 0.486444 0.396267
threshold=-0.011225241581399314 -0.0076833322065763977 -0.0044905876581598208 -0.10673613268738695 143.32500000000002 0.037205389440005406
decision_type=2 2 2 2 2 2
left_child=-1 -2 -3 5 -5 -4
right_child=1 2 3 4 -6 -7
leaf_value=0.0020716750447617649 -0.0016003984420487239 0.0025791141696144761 -4.5009131043068407e-05 0.00098065845471249197 -0.00069102952411151863 -0.0026059181839704431
leaf_weight=3.2482300102710715 3.1619360446929958 2.8626118153333691 3.716550797224051 7.5497009158134452 10.111895456910132 3.0925275534391403
leaf_count=23 23 20 27 54 73 23
internal_value=8.17567e-06 -0.000198282 -1.5199e-05 -0.000343716 0 -0.00129153
internal_weight=33.7435 30.4952 27.3333 24.4707 17.6616 6.80908
internal_count=243 220 197 177 127 50
is_linear=0
shrinkage=0.005


Tree=59
num_leaves=8
num_cat=0
split_feature=7 12 1 27 1 1 12
split_gain=0.584999 0.296815 0.491582 0.373783 0.379907 0.85751 0.266559
threshold=-0.011225241581399314 -0.013369744821637773 0.057882542065152427 214.62000000000003 0.054099699677996556 -0.0088976518115522745 -0.027634339555296591
decision_type=2 2 2 2 2 2 2
left_child=-1 2 6 4 5 -3 -2
right_child=1 3 -4 -5 -6 -7 -8
leaf_value=0.0020276123743524729 0.00075312690896760172 0.0015399492568811848 -0.0022959511139580375 -0.00097611266354930178 0.0021115732861637592 -0.0012464760876645838 -0.0010836970030604373
leaf_weight=3.2521246522665015 4.1673626601696014 5.4750123620033273 3.7741586863994598 4.8423989713191977 3.2345198690891257 5.401585429906846 3.5957221090793627
leaf_count=23 30 39 28 35 23 39 26
internal_value=1.51996e-05 -0.00018604 -0.00082459 0.00017749 0.00061072 0.000111011 -3.51524e-05
internal_weight=33.7429 30.4908 11.5372 18.9535 14.1111 10.8766 7.76308
internal_count=243 220 84 136 101 78 56
is_linear=0
shrinkage=0.005


Tree=60
num_leaves=8
num_cat=0
split_feature=7 3 29 12 9 14 12
split_gain=0.522184 0.48984 0.629641 0.441167 0.364727 0.35071 0.294007
threshold=-0.011225241581399314 0.037499480546029591 171.80000000000004 -0.016125440695646306 0.00086671738188308877 8.4375129428322797 -0.0025949386797531888
decision_type=2 2 2 2 2 2 2
left_child=-1 2 -2 4 -4 -5 -3
right_child=1 6 3 5 -6 -7 -8
leaf_value=0.0017436651588213117 0.0020624957900486785 -0.002420678888322533 -0.00053078305980449095 -0.0018516484731867012 0.0016817825052632982 -1.9790021708252073e-05 -0.0003454434190256832
leaf_weight=3.2554453462362281 3.2474067211151185 3.7937828600406647 3.023140221834189 5.3775526285171455 3.8995881676673889 6.1436473727226257 4.3066816031932813
leaf_count=23 23 28 22 39 28 44 31
internal_value=-0.000118028 -0.000340796 2.94174e-05 -0.000306117 0.000646975 -0.000922332 -0.0013876
internal_weight=33.0472 29.7918 21.6913 18.4439 6.92273 11.5212 8.10046
internal_count=238 215 156 133 50 83 59
is_linear=0
shrinkage=0.005


Tree=61
num_leaves=7
num_cat=0
split_feature=7 1 13 2 1 0
split_gain=0.50755 0.424029 0.565656 0.331575 0.55569 0.545457
threshold=-0.011225241581399314 0.056618506209493387 0.0015066654228058642 0.024405730243897698 -0.0032636757926495781 -0.029684663914968875
decision_type=2 2 2 2 2 2
left_child=-1 3 -3 4 5 -2
right_child=1 2 -4 -5 -6 -7
leaf_value=0.0017055700265824533 -0.00058354657242079913 -0.0026763612150684114 0.00010507066166474569 0.00114258198273108 -0.0019436345382198921 0.0014431163572434511
leaf_weight=3.258812502026557 9.1550854742527061 3.9027706682682028 2.7833486497402191 4.7593245357275 4.117099896073344 5.0701488554477683
leaf_count=23 66 29 20 34 30 36
internal_value=-0.000127651 -0.000347487 -0.00145207 -3.75339e-06 -0.000330678 0.000106294
internal_weight=33.0466 29.7878 6.68612 23.1017 18.3423 14.2252
internal_count=238 215 49 166 132 102
is_linear=0
shrinkage=0.005


Tree=62
num_leaves=8
num_cat=0
split_feature=7 3 29 12 9 25 12
split_gain=0.494367 0.488008 0.640685 0.423456 0.384041 0.333581 0.268204
threshold=-0.011225241581399314 0.037499480546029591 171.80000000000004 -0.016125440695646306 0.00086671738188308877 0.011662968356332183 -0.0025949386797531888
decision_type=2 2 2 2 2 2 2
left_child=-1 2 -2 4 -4 -5 -3
right_child=1 6 3 5 -6 -7 -8
leaf_value=0.0016878721697227387 0.0020800722386197981 -0.0023766728006745673 -0.00058978777645261134 -0.0002779167055141778 0.0016871223376268871 -0.0022244863724193878 -0.00037809537859592686
leaf_weight=3.2623863220214835 3.2531257867813173 3.7851464003324509 3.0230399370193544 8.0642692446708626 3.9041132032871246 3.4508726447820655 4.304149851202963
leaf_count=23 23 28 22 58 28 25 31
internal_value=-0.000120363 -0.000337678 3.15762e-05 -0.000307377 0.000624701 -0.000911596 -0.00138356
internal_weight=33.0471 29.7847 21.6954 18.4423 6.92715 11.5151 8.0893
internal_count=238 215 156 133 50 83 59
is_linear=0
shrinkage=0.005


Tree=63
num_leaves=8
num_cat=0
split_feature=7 3 3 28 12 1 12
split_gain=0.498998 0.491017 0.350951 0.504317 0.496708 0.303247 0.262862
threshold=-0.011225241581399314 0.037499480546029591 0.006666022772333525 179.73500000000004 -0.031019098352049353 -0.027637238809506855 -0.0025949386797531888
decision_type=2 2 2 2 2 2 2
left_child=-1 2 3 5 -5 -2 -3
right_child=1 6 -4 4 -6 -7 -8
leaf_value=0.0016934722956054402 0.0020970305197281999 -0.0023758726575526467 0.001418078348971955 0.00079655284746296792 -0.0014414525437628795 -3.9006318389414462e-05 -0.00039203477720639666
leaf_weight=3.2653669267892829 2.8251795619726181 3.7802756279706955 3.8047378063201895 3.0486827492713973 9.1105466485023427 2.9093457758426764 4.3030301779508573
leaf_count=23 20 28 27 22 66 21 31
internal_value=-0.000122316 -0.00034067 2.96111e-05 -0.000240882 -0.000838401 0.000935929 -0.00139018
internal_weight=33.0472 29.7818 21.6985 17.8938 12.1592 5.73453 8.08331
internal_count=238 215 156 129 88 41 59
is_linear=0
shrinkage=0.005


Tree=64
num_leaves=8
num_cat=0
split_feature=7 3 26 17 10 12 12
split_gain=0.514366 0.476533 0.392025 0.424904 0.374563 0.487211 0.269619
threshold=-0.011225241581399314 0.037499480546029591 139.19000000000003 -18.599999999999998 0.0075329310830460653 -0.015203584760097031 -0.0025949386797531888
decision_type=2 2 2 2 2 2 2
left_child=-1 2 3 -2 5 -4 -3
right_child=1 6 4 -5 -6 -7 -8
leaf_value=0.0017189061909029693 -8.1787925014120973e-05 -0.0023765443878045506 0.0016781445328844589 0.0023334120883031738 -0.0015792389404207699 -0.00060147551005941275 -0.0003725931956069157
leaf_weight=3.2684249430894843 3.2133459746837616 3.7754710912704468 3.3645182400941858 3.258300766348845 4.6378515511751166 7.2273816764354679 4.3019232600927335
leaf_count=23 23 28 24 23 34 52 31
internal_value=-0.000124073 -0.000345657 1.84989e-05 0.0010661 -0.000395972 8.01444e-05 -0.00137964
internal_weight=33.0472 29.7788 21.7014 6.47165 15.2298 10.5919 8.07739
internal_count=238 215 156 46 110 76 59
is_linear=0
shrinkage=0.005


Tree=65
num_leaves=7
num_cat=0
split_feature=0 11 0 1 13 18
split_gain=0.704625 0.638854 0.413144 0.292201 0.248067 0.148049
threshold=-0.19018180649118208 0.1391576028689028 -0.062063059027130212 -0.036422690974615028 -0.014742945365305458 -86.34999999999998
decision_type=2 2 2 2 2 2
left_child=-1 2 5 -4 -5 -2
right_child=1 -3 3 4 -6 -7
leaf_value=0.0021405274035216212 -0.00041164695693095944 0.0014482549550579979 0.0011008863834273493 -0.0018103781383738465 -0.0001516831367057104 -0.0021267348888433448
leaf_weight=3.0764758586883536 2.7641313821077347 4.0887104719877234 3.2644205540418687 2.9857798367738786 12.344110190868365 5.1947804838419023
leaf_count=22 20 29 23 22 89 38
internal_value=-9.93105e-05 -0.000343604 -0.000640515 -0.000199905 -0.00051209 -0.0015998
internal_weight=33.7184 30.6419 26.5532 18.5943 15.3299 7.95891
internal_count=243 221 192 134 111 58
is_linear=0
shrinkage=0.005


Tree=66
num_leaves=7
num_cat=0
split_feature=0 11 0 9 13 9
split_gain=0.701337 0.61053 0.393373 0.354644 0.358497 0.220559
threshold=-0.19018180649118208 0.1391576028689028 -0.062063059027130212 0.00072149353779311215 0.0031861436046297657 0.0032575122061534729
decision_type=2 2 2 2 2 2
left_child=-1 2 5 4 -4 -2
right_child=1 -3 3 -5 -6 -7
leaf_value=0.0021404567337648893 -0.0021802639184497676 0.0014129324581160594 -0.0014440386769956311 0.00092782675164295575 0.00010515899967613333 -0.00019941584552355611
leaf_weight=3.080120012164115 5.2074811160564485 4.0922554582357398 6.8108501583337802 4.7918395102024069 6.9923886805772781 2.7444903552532196
leaf_count=22 38 29 50 34 50 20
internal_value=-9.30345e-05 -0.000336978 -0.000627676 -0.000197069 -0.000625613 -0.00156461
internal_weight=33.7194 30.6393 26.547 18.5951 13.8032 7.95197
internal_count=243 221 192 134 100 58
is_linear=0
shrinkage=0.005


Tree=67
num_leaves=8
num_cat=0
split_feature=11 17 10 1 2 9 24
split_gain=0.531164 0.350586 0.4356 0.421595 0.732347 0.455974 0.379381
threshold=0.1391576028689028 93.350000000000009 0.00045098337553238114 0.070371373490738756 0.01487790283267343 0.00051726388185726073 0.29232115718787838
decision_type=2 2 2 2 2 2 2
left_child=1 3 -3 4 5 -1 -6
right_child=-2 2 -4 -5 6 -7 -8
leaf_value=-0.0025466118862194171 0.0014719750304319824 0.0018373198921194773 -0.00053343954009160872 -0.0020317042815715652 0 -0.0002946206844160915 0.0023410385055897672
leaf_weight=3.5738652646541684 4.5229727774858466 3.5377788990735999 3.7071223258972168 4.6164883673191062 3.1693778783082953 7.6436277627944946 2.9483041167259216
leaf_count=26 32 25 27 34 23 55 21
internal_value=-9.21298e-05 -0.000353631 0.00056035 -0.000678593 -0.000284683 -0.00106459 0.00106134
internal_weight=33.7195 29.1966 7.2449 21.9517 17.3352 11.2175 6.11768
internal_count=243 211 52 159 125 81 44
is_linear=0
shrinkage=0.005


Tree=68
num_leaves=8
num_cat=0
split_feature=0 11 0 3 13 15 18
split_gain=0.711266 0.620869 0.411929 0.311483 0.397812 0.35429 0.148523
threshold=-0.19018180649118208 0.1391576028689028 -0.062063059027130212 0.04655508101347295 0.0062617659733342776 52.800000000000011 -86.34999999999998
decision_type=2 2 2 2 2 2 2
left_child=-1 2 6 5 -5 -4 -2
right_child=1 -3 3 4 -6 -7 -8
leaf_value=0.0021571722198252953 -0.00039991960628058654 0.0014274286532996161 0.00089628529049116208 -0.0020960274837378986 0.0001907434195047793 -0.00092866546159293853 -0.0021160197669967845
leaf_weight=3.0852831155061713 2.7614912986755371 4.0984522849321356 7.9980704784393328 3.9165897667407981 2.9447925686836243 3.7321557104587555 5.1817718595266404
leaf_count=22 20 29 57 29 21 27 38
internal_value=-9.03731e-05 -0.00033618 -0.000629559 -0.000189996 -0.00104796 0.000271727 -0.0015882
internal_weight=33.7186 30.6333 26.5349 18.5916 6.86138 11.7302 7.94326
internal_count=243 221 192 134 50 84 58
is_linear=0
shrinkage=0.005


Tree=69
num_leaves=8
num_cat=0
split_feature=11 17 10 1 2 9 24
split_gain=0.500952 0.334611 0.438348 0.414511 0.674318 0.467914 0.363775
threshold=0.1391576028689028 93.350000000000009 0.00045098337553238114 0.070371373490738756 0.01487790283267343 0.00051726388185726073 0.29232115718787838
decision_type=2 2 2 2 2 2 2
left_child=1 3 -3 4 5 -1 -6
right_child=-2 2 -4 -5 6 -7 -8
leaf_value=-0.0025254741054709742 0.0014225323355735228 0.0018235777393841115 -0.00055634087565715345 -0.0020093735422477398 -1.7129691337182856e-05 -0.00024903666355901519 0.0022660162535139447
leaf_weight=3.5668150335550397 4.5302927345037451 3.5427529215812674 3.7055491358041763 4.6081181913614264 3.1685612648725501 7.6435025185346603 2.9545211046934128
leaf_count=26 32 25 27 34 23 55 21
internal_value=-9.41354e-05 -0.000348654 0.000542907 -0.000666479 -0.000275952 -0.00102574 0.00101297
internal_weight=33.7201 29.1898 7.2483 21.9415 17.3334 11.2103 6.12308
internal_count=243 211 52 159 125 81 44
is_linear=0
shrinkage=0.005


Tree=70
num_leaves=8
num_cat=0
split_feature=8 3 8 10 16 9 31
split_gain=0.574755 0.645647 0.462028 0.433222 0.269185 0.297685 0.160541
threshold=-0.0044905876581598208 0.04655508101347295 -0.0071546744699900692 0.0087246305113381547 42.900000000000006 0.0032575122061534729 116.18500000000002
decision_type=2 2 2 2 2 2 2
left_child=2 3 -1 4 5 -2 -5
right_child=1 -3 -4 6 -6 -7 -8
leaf_value=9.2952604783760578e-06 -0.000406831741448039 -0.0018967914246891648 0.0025913958437257878 -4.0965069745638299e-05 0.0014939025566835476 0.0014611633817462721 -0.0018413956258472204
leaf_weight=4.23797407746315 8.1919137835502678 5.1186743676662436 3.4395467042922965 3.0186055153608313 4.7952373176813117 2.8009775429964057 3.1344407647848129
leaf_count=30 59 38 24 22 34 20 23
internal_value=2.4153e-05 -0.000304038 0.00124007 4.82677e-05 0.000508329 2.83143e-05 -0.00104618
internal_weight=34.7374 27.0598 7.67752 21.9412 15.7881 10.9929 6.15305
internal_count=250 196 54 158 113 79 45
is_linear=0
shrinkage=0.005


Tree=71
num_leaves=9
num_cat=0
split_feature=8 3 8 10 0 13 17 12
split_gain=0.58471 0.659891 0.449398 0.418086 0.26908 0.508336 0.182649 0.128866
threshold=-0.0044905876581598208 0.04655508101347295 -0.0071546744699900692 0.0087246305113381547 -0.0085294407852454217 1.0000000180025095e-35 48.800000000000011 0.011055375875796304
decision_type=2 2 2 2 2 2 2 2
left_child=2 3 -1 4 5 -2 -5 -6
right_child=1 -3 -4 6 7 -7 -8 -9
leaf_value=3.7948429149475189e-05 -6.9702868931298948e-05 -0.0019125425476794831 0.0025887992902072212 0 0.00037545781453385155 0.0020948117584262569 -0.0018656516343300664 -0.0010232584326113538
leaf_weight=4.2376941293478012 4.7291582077741641 5.1129501760005942 3.4450225085020056 3.0368347465991965 2.7908480912447002 5.2004408091306686 3.1129115968942642 3.0728887915611267
leaf_count=30 34 38 24 22 20 37 23 22
internal_value=3.02633e-05 -0.000300959 0.00125578 5.53156e-05 0.000507258 0.00101863 -0.00101941 -0.000275444
internal_weight=34.7387 27.056 7.68272 21.9431 15.7933 9.9296 6.14975 5.86374
internal_count=250 196 54 158 113 71 45 42
is_linear=0
shrinkage=0.005


Tree=72
num_leaves=8
num_cat=0
split_feature=8 3 8 10 27 0 17
split_gain=0.578772 0.647394 0.452838 0.425745 0.38022 0.310332 0.186369
threshold=-0.0044905876581598208 0.04655508101347295 -0.0071546744699900692 0.0087246305113381547 231.10000000000005 -0.013468351592513304 48.800000000000011
decision_type=2 2 2 2 2 2 2
left_child=2 3 -1 4 5 -2 -5
right_child=1 -3 -4 6 -6 -7 -8
leaf_value=2.8241224009860835e-05 0.00073461653272362791 -0.0018954848367853056 0.0025862125926944756 0 0.0021152677676288725 -0.00084898920131302265 -0.0018865886340401808
leaf_weight=4.2370484322309494 7.9493179023265856 5.1071106642484656 3.4503892958164206 3.0375061333179465 2.9712229669094077 4.8777820765972173 3.1093473434448242
leaf_count=30 57 38 24 22 21 35 23
internal_value=3.14413e-05 -0.000298129 0.00125026 5.43409e-05 0.000510054 9.26294e-05 -0.00103089
internal_weight=34.7397 27.0523 7.68744 21.9452 15.7983 12.8271 6.14685
internal_count=250 196 54 158 113 92 45
is_linear=0
shrinkage=0.005


Tree=73
num_leaves=7
num_cat=0
split_feature=8 1 8 0 1 10
split_gain=0.578148 0.519551 0.409298 0.270758 0.408772 0.308755
threshold=-0.0044905876581598208 0.070371373490738756 -0.0071546744699900692 -0.18359832124000205 -0.048253143230414013 0.0057802354631631128
decision_type=2 2 2 2 2 2
left_child=2 3 -1 -2 -5 -6
right_child=1 -3 -4 4 5 -7
leaf_value=7.5704648083790117e-05 0.0014605312972225818 -0.0017525484189595355 0.0025194519003392075 0.00097761284141760583 -0.00011407252127061687 -0.0018022932880096191
leaf_weight=4.2366052865982056 2.8225015997886684 4.9724822938442221 3.4557417333126059 5.1627572774887147 9.9945620000362378 4.0963163673877707
leaf_count=30 20 37 24 37 72 30
internal_value=2.95384e-05 -0.000299993 0.0012473 7.80752e-06 -0.000182485 -0.000644846
internal_weight=34.741 27.0486 7.69235 22.0761 19.2536 14.0909
internal_count=250 196 54 159 139 102
is_linear=0
shrinkage=0.005


Tree=74
num_leaves=8
num_cat=0
split_feature=8 3 10 8 27 0 17
split_gain=0.577533 0.64529 0.424499 0.411864 0.385534 0.317336 0.180508
threshold=-0.0044905876581598208 0.04655508101347295 0.0087246305113381547 -0.0071546744699900692 231.10000000000005 -0.094961090695782555 48.800000000000011
decision_type=2 2 2 2 2 2 2
left_child=3 2 4 -1 5 -2 -4
right_child=1 -3 6 -5 -6 -7 -8
leaf_value=6.0590610229600704e-05 0.001455217864183427 -0.001907401843072149 -2.4873846818942211e-06 0.002508775683624895 0.0021080212360823874 -0.00033852751677661318 -0.0018910198774533416
leaf_weight=4.2362625449895859 3.207057565450671 5.0986859500408164 3.0367709398269644 3.4606693238019934 2.9760466217994681 9.6221836954355258 3.104050487279892
leaf_count=30 23 38 22 24 21 69 23
internal_value=1.77894e-05 -0.000311804 3.96592e-05 0.00123496 0.00049475 7.496e-05 -0.00104543
internal_weight=34.7417 27.0448 21.9461 7.69693 15.8053 12.8292 6.14082
internal_count=250 196 158 54 113 92 45
is_linear=0
shrinkage=0.005


Tree=75
num_leaves=7
num_cat=0
split_feature=11 0 0 1 2 25
split_gain=0.685895 0.649695 0.402795 1.14231 0.308806 0.119247
threshold=0.1391576028689028 -0.18359832124000205 -0.062063059027130212 -0.036422690974615028 0.10132157464815751 1.0000000180025095e-35
decision_type=2 2 2 2 2 2
left_child=1 -1 5 -4 -5 -3
right_child=-2 2 3 4 -6 -7
leaf_value=0.0019942718190568698 0.0018942516706763899 -0.0021963436297157729 0.0027685263765177283 -0.00097511647612649342 0.00067555258555900151 -0.00063824569827771306
leaf_weight=2.8049570620059994 4.2614140659570685 3.6711317002773312 2.8630217015743318 13.217816501855848 3.1948143988847724 3.7069636434316635
leaf_count=20 30 27 20 96 23 27
internal_value=1.80298e-05 -0.000239185 -0.000496245 -8.69749e-05 -0.000622356 -0.00149039
internal_weight=33.7201 29.4587 26.6537 19.2757 16.4126 7.3781
internal_count=243 213 193 139 119 54
is_linear=0
shrinkage=0.005


Tree=76
num_leaves=7
num_cat=0
split_feature=0 13 14 9 7 30
split_gain=0.561082 0.719652 0.568053 0.54888 0.405174 0.198268
threshold=-0.19018180649118208 0.0031861436046297657 11.814128564669391 0.00072149353779311215 -0.0038254326274620217 106.90500000000002
decision_type=2 2 2 2 2 2
left_child=-1 3 4 5 -3 -2
right_child=1 2 -4 -5 -6 -7
leaf_value=0.0020471947507294829 -0.0022936283102953444 0.00083469250826570518 0.0018400446185866271 0.0002225465322121151 -0.0011147040565708756 -0.00053412127501900836
leaf_weight=3.0979831218719474 5.9346964508295077 5.2008574753999692 5.5302627980709067 5.3168032914400092 5.2359973937273026 3.4029989987611771
leaf_count=22 44 37 39 38 38 25
internal_value=2.44708e-05 -0.00016687 0.000546819 -0.000977703 -9.62606e-05 -0.00171192
internal_weight=33.7196 30.6216 15.9671 14.6545 10.4369 9.3377
internal_count=243 221 114 107 75 69
is_linear=0
shrinkage=0.005


Tree=77
num_leaves=8
num_cat=0
split_feature=0 13 30 18 22 15 13
split_gain=0.54038 0.694817 0.372586 0.367111 0.262287 0.254986 0.0877504
threshold=-0.19018180649118208 0.0031861436046297657 129.37000000000003 76.500000000000014 56.100000000000009 -1.0000000180025095e-35 -0.02369273496325924
decision_type=2 2 2 2 2 2 2
left_child=-1 2 6 4 5 -3 -2
right_child=1 3 -4 -5 -6 -7 -8
leaf_value=0.0019995891356554833 -0.00057458246818234133 -0.0013843995866351811 6.7776875578106854e-05 0.0021088939825006361 0.0011170188548603188 0.00030690785930022872 -0.0019021316529209712
leaf_weight=3.1007443368434897 3.140206664800643 3.5871085822582218 4.8491948395967475 2.9727965891361228 4.5056428909301749 4.9072325974702844 6.6568175852298763
leaf_count=22 23 26 35 21 32 35 49
internal_value=1.45591e-05 -0.000173091 -0.000970197 0.000527355 0.000120685 -0.000352724 -0.00153247
internal_weight=33.7197 30.619 14.6462 15.9728 13 8.49434 9.79702
internal_count=243 221 107 114 93 61 72
is_linear=0
shrinkage=0.005


Tree=78
num_leaves=9
num_cat=0
split_feature=0 6 1 25 2 4 32 1
split_gain=0.52478 0.456771 0.613361 0.4038 0.327574 0.316247 0.314502 0.193293
threshold=-0.19018180649118208 -0.00076992397312198636 0.021673669112818209 0.0090704813422667358 0.034337377908883034 -0.013866200620347156 114.45000000000003 0.0078128682948401824
decision_type=2 2 2 2 2 2 2 2
left_child=-1 2 6 7 -5 -4 -2 -3
right_child=1 3 5 4 -6 -7 -8 -9
leaf_value=0.0019737064655139035 7.6933292194404323e-05 -0.00067441528036217601 0.00053958787236975912 -0.00096454316521388337 0.0010458825376431864 -0.0015049929829774858 0.002264217409384468 -0.0025153065430095706
leaf_weight=3.1036171019077292 3.3310754150152224 4.1418450325727454 2.965008333325386 4.1232250034809095 3.8872247040271759 4.1151620745658875 4.5595716536045074 3.4945040345191956
leaf_count=22 24 30 21 30 28 30 32 26
internal_value=1.86516e-05 -0.000166117 0.000436428 -0.000774039 0 -0.000580867 0.00141011 -0.00159277
internal_weight=33.7212 30.6176 14.9708 15.6468 8.01045 7.08017 7.89065 7.63635
internal_count=243 221 107 114 58 51 56 56
is_linear=0
shrinkage=0.005


Tree=79
num_leaves=8
num_cat=0
split_feature=0 13 1 14 7 13 14
split_gain=0.53812 0.692214 0.65121 0.542824 0.416391 0.337093 0.0775735
threshold=-0.19018180649118208 0.0031861436046297657 0.058405001158304611 11.814128564669391 -0.0038254326274620217 -0.011516195874691491 8.2594256577561733
decision_type=2 2 2 2 2 2 2
left_child=-1 2 5 4 -3 6 -2
right_child=1 3 -4 -5 -6 -7 -8
leaf_value=0.0020032129189591942 0 0.00085282900923216195 -0.002678026081447927 0.0017996998338342665 -0.0011238582266301735 -0.0012830172476285258 0.0010803160451931266
leaf_weight=3.1070115864276877 3.1941274106502524 5.2071515172719938 4.0049210041761389 5.5392214059829703 5.233148917555809 4.6724926084280041 2.7637736350297928
leaf_count=22 23 37 30 39 38 34 20
internal_value=2.52575e-05 -0.000162113 -0.000958511 0.000536813 -9.09468e-05 -0.000254377 0.000473075
internal_weight=33.7218 30.6148 14.6353 15.9795 10.4403 10.6304 5.9579
internal_count=243 221 107 114 75 77 43
is_linear=0
shrinkage=0.005


Tree=80
num_leaves=8
num_cat=0
split_feature=7 11 14 13 12 7 14
split_gain=0.565989 0.447572 0.580559 0.817655 0.751079 0.272936 0.213684
threshold=-0.011225241581399314 -0.15748580998858488 8.7503418913491924 0.0071749108162093575 0.034780516272856395 0.00061908633782421514 13.8513452681945
decision_type=2 2 2 2 2 2 2
left_child=-1 -2 5 6 -5 -3 -4
right_child=1 2 3 4 -6 -7 -8
leaf_value=0.002081677138636555 0.0011556703568258967 -0.00069433977674447189 0 0.0032325905596163802 0 -0.0027547425039448161 -0.0014971440349403865
leaf_weight=2.8724389970302573 4.6912394911050823 4.9659399241209048 4.4365229755640048 2.9739463627338401 3.7687166184186935 3.2789458185434341 5.7325739562511444
leaf_count=20 34 36 32 21 27 24 42
internal_value=-2.49056e-06 -0.000222932 -0.000501634 5.10218e-07 0.00137392 -0.00158569 -0.000863473
internal_weight=32.7203 29.8479 25.1566 16.9118 6.74266 8.24489 10.1691
internal_count=236 216 182 122 48 60 74
is_linear=0
shrinkage=0.005


Tree=81
num_leaves=8
num_cat=0
split_feature=7 11 14 13 18 3 7
split_gain=0.55079 0.465642 0.585301 0.826861 0.530149 0.302819 0.253836
threshold=-0.011225241581399314 -0.15748580998858488 8.7503418913491924 0.0071749108162093575 21.950000000000006 0.037499480546029591 0.00061908633782421514
decision_type=2 2 2 2 2 2 2
left_child=-1 -2 6 5 -5 -4 -3
right_child=1 2 3 4 -6 -7 -8
leaf_value=0.0020506496102444412 0.0011851382177490849 -0.00072632402151015648 -0.0001426854693155777 0 0.0028092390637236113 -0.0020371111882353347 -0.0027304612977514632
leaf_weight=2.8759472221136084 4.694114267826083 4.9637360274791735 6.5530280023813265 3.4813606739044181 3.2664791494607925 3.6099680960178375 3.2733872532844543
leaf_count=20 34 36 47 25 23 27 24
internal_value=-3.66045e-06 -0.000221465 -0.000505695 0 0.00137859 -0.000871235 -0.00159476
internal_weight=32.718 29.8421 25.148 16.9108 6.74784 10.163 8.23712
internal_count=236 216 182 122 48 74 60
is_linear=0
shrinkage=0.005


Tree=82
num_leaves=6
num_cat=0
split_feature=7 10 18 11 14
split_gain=0.554419 0.449069 0.426966 0.42548 0.864233
threshold=-0.011225241581399314 -0.0047917076150165447 -130.69999999999996 -0.15748580998858488 8.7503418913491924
decision_type=2 2 2 2 2
left_child=-1 -2 -3 -4 -5
right_child=1 2 3 4 -6
leaf_value=0.0020568431643748619 -0.001640787501736669 -0.0016201438719450941 0.0018245185996166203 -0.0017007377330251591 0.00068308578948185646
leaf_weight=2.8792096227407447 4.6602009832859066 3.2863969355821636 3.7254563271999421 5.3430801779031745 12.822290569543837
leaf_count=20 34 24 27 39 92
internal_value=-3.04893e-06 -0.000221659 2.3927e-05 0.000296664 0
internal_weight=32.7166 29.8374 25.1772 21.8908 18.1654
internal_count=236 216 182 158 131
is_linear=0
shrinkage=0.005


Tree=83
num_leaves=9
num_cat=0
split_feature=11 11 14 19 16 6 12 1
split_gain=0.437707 0.489359 0.359753 0.578104 0.360681 0.352057 0.351885 0.179293
threshold=-0.15748580998858488 -0.11496808402515295 11.814128564669391 -6.299999999999998 -10.049999999999999 -0.0011368764871809609 0.029561789097280026 0.058405001158304611
decision_type=2 2 2 2 2 2 2 2
left_child=-1 -2 4 -4 5 -3 -6 -5
right_child=1 2 3 7 6 -7 -8 -9
leaf_value=0.0013359676110546567 -0.0022742926615564253 0.0016229628575184841 0.0020427590023077715 0.0004146198151074084 -0.0021532888375760621 -0.0007137355743492194 0 -0.0012162034703225761
leaf_weight=4.9844520837068549 2.6905725151300457 2.8498794585466385 4.3901599198579788 3.3655115216970426 4.6484509855508787 3.2883127778768566 3.6277864128351212 2.8715784102678299
leaf_count=36 20 20 31 24 34 24 26 21
internal_value=-4.55548e-06 -0.000265462 -2.55969e-05 0.000649332 -0.00055829 0.00029471 -0.00124895 -0.00026039
internal_weight=32.7167 27.7323 25.0417 10.6272 14.4144 6.13819 8.27624 6.23709
internal_count=236 200 180 76 104 44 60 45
is_linear=0
shrinkage=0.005


Tree=84
num_leaves=8
num_cat=0
split_feature=7 11 14 13 12 3 7
split_gain=0.563744 0.464435 0.595279 0.801877 0.751766 0.304087 0.2727
threshold=-0.011225241581399314 -0.15748580998858488 8.7503418913491924 0.0071749108162093575 0.034780516272856395 0.037499480546029591 0.00061908633782421514
decision_type=2 2 2 2 2 2 2
left_child=-1 -2 6 5 -5 -4 -3
right_child=1 2 3 4 -6 -7 -8
leaf_value=0.0020818048148500338 0.0011889719877998064 -0.00070719418578547172 -0.00011895562296158893 0.0032228584145079526 0 -0.0020153652049297007 -0.0027727105711767052
leaf_weight=2.8841990083456031 4.7020889073610332 4.9560218304395693 6.5524803102016467 2.9843805730342856 3.7710209041833878 3.6021100729703903 3.262268453836441
leaf_count=20 34 36 47 21 27 27 24
internal_value=0 -0.000214675 -0.000499028 9.40581e-06 0.00136733 -0.00084724 -0.00159939
internal_weight=32.7146 29.8304 25.1283 16.91 6.7554 10.1546 8.21829
internal_count=236 216 182 122 48 74 60
is_linear=0
shrinkage=0.005


Tree=85
num_leaves=10
num_cat=0
split_feature=8 11 32 26 9 24 4 9 10
split_gain=0.595906 0.363599 0.335164 0.382058 0.330805 0.288627 0.41652 0.205121 0.150702
threshold=-0.0019830150953147455 -0.063417830936683059 110.80000000000003 235.10500000000005 -0.0010265374236365862 0.35617024765307975 0.0099395151311283281 0.0002749947182699764 0.0096975903735393859
decision_type=2 2 2 2 2 2 2 2 2
left_child=2 4 -1 -4 -2 7 -7 -3 -6
right_child=1 5 3 -5 8 6 -8 -9 -10
leaf_value=-0.00030769407009492315 -0.0026220065602014747 -0.001519397194746681 0.0023949717537574407 5.5200545510323138e-05 -0.0013044064947302068 0.0022104181690403919 -0.00034532580638395343 6.2287599093873735e-05 0.00023004803935888622
leaf_weight=3.4798217266798011 3.1911059767007828 3.5486412048339862 4.5621091425418836 3.5423973798751831 2.7373396009206754 2.8315553516149521 2.9372079521417618 3.4636535197496414 2.745620384812355
leaf_count=25 24 26 32 25 20 20 21 25 20
internal_value=-2.24801e-05 -0.000530196 0.000873112 0.00144021 -0.00131715 0 0.000831428 -0.000672431 -0.000450518
internal_weight=33.0395 21.4551 11.5843 8.10451 8.67407 12.7811 5.76876 7.01229 5.48296
internal_count=238 156 82 57 64 92 41 51 40
is_linear=0
shrinkage=0.005


Tree=86
num_leaves=9
num_cat=0
split_feature=8 11 23 9 22 25 11 10
split_gain=0.613129 0.367016 0.339099 0.327521 0.323061 0.356821 0.301259 0.153205
threshold=-0.0019830150953147455 -0.063417830936683059 0.36628460624622133 -0.0010265374236365862 -49.999999999999993 0.0091535098054617032 0.044984988565664914 0.0096975903735393859
decision_type=2 2 2 2 2 2 2 2
left_child=2 3 6 -2 -3 -6 -1 -5
right_child=1 4 -4 7 5 -7 -8 -9
leaf_value=0.0025132785047056912 -0.0026337642235889393 -0.0014172143098513277 -0.00016405953054205656 -0.0013278729500710205 -0.00034319705459857859 0.0015203499361568409 0.00031734733976269367 0.00021740827933912455
leaf_weight=3.8413804918527585 3.1858981102705002 3.0200798809528342 4.1145951300859451 2.7355947345495206 5.404346629977228 4.3577520847320557 3.6335320472717285 2.7458906024694443
leaf_count=27 24 22 29 20 39 31 26 20
internal_value=-2.62736e-05 -0.000541184 0.000881982 -0.00133224 0 0.000441232 0.00152149 -0.000468421
internal_weight=33.0391 21.4496 11.5895 8.66738 12.7822 9.7621 7.47491 5.48149
internal_count=238 156 82 64 92 70 53 40
is_linear=0
shrinkage=0.005


Tree=87
num_leaves=9
num_cat=0
split_feature=8 11 32 26 12 22 14 28
split_gain=0.614486 0.359156 0.354026 0.403083 0.332994 0.30395 0.351193 0.34357
threshold=-0.0019830150953147455 -0.063417830936683059 110.80000000000003 235.10500000000005 -0.025011999580116236 -49.999999999999993 8.7503418913491924 189.01000000000005
decision_type=2 2 2 2 2 2 2 2
left_child=2 4 -1 -4 -2 -3 -7 -8
right_child=1 5 3 -5 -6 6 7 -9
leaf_value=-0.0003327774263507895 -0.00023770829210071519 -0.0013796507665949094 0.0024462081245158725 4.9672331171513086e-05 -0.0023430837709269617 -0.00069481026498965242 0 0.0024495323455087283
leaf_weight=3.4788246005773535 4.4657656103372574 3.0171951055526725 4.5717494487762433 3.5442135632038116 4.1942412257194501 3.7297630459070223 3.2024145722389221 2.8340496718883514
leaf_count=25 33 22 32 25 31 27 23 20
internal_value=-2.36512e-05 -0.000539354 0.000885373 0.00146759 -0.00132239 0 0.000423498 0.00119665
internal_weight=33.0382 21.4434 11.5948 8.11596 8.66001 12.7834 9.76623 6.03646
internal_count=238 156 82 57 64 92 70 43
is_linear=0
shrinkage=0.005


Tree=88
num_leaves=10
num_cat=0
split_feature=8 7 28 22 20 10 0 13 18
split_gain=0.600102 0.370529 0.688291 0.269775 0.198116 0.156942 0.169361 0.122673 0.0121446
threshold=-0.0019830150953147455 -0.0076833322065763977 182.62500000000003 7.6499999999999986 -9.3499999999999979 0.0075329310830460653 -0.028455389398476968 -0.009378422454520861 31.950000000000006
decision_type=2 2 2 2 2 2 2 2 2
left_child=1 4 -3 7 -1 6 -5 -2 -9
right_child=3 2 -4 5 -6 -7 -8 8 -10
leaf_value=0.00086797349330592396 -0.00015344663058188606 0.0034629840858393284 0 0.0013762202526674953 -0.00098900798116030629 -0.00067291388500859053 -0.0001467039626278848 -0.0018724832400825741 -0.00084001260033036225
leaf_weight=2.8368028402328491 3.3991918116807938 2.8916743546724302 3.0811591446399689 3.0730645358562452 2.7901376038789749 4.7486820071935654 3.1857815682888031 3.9578932076692599 3.0723686516284943
leaf_count=20 25 20 22 22 20 35 23 29 22
internal_value=-2.82148e-05 0.000869463 0.00173213 -0.000538121 0 0 0.000526772 -0.00111235 -0.00150101
internal_weight=33.0368 11.5998 5.97283 21.437 5.62694 11.0075 6.25885 10.4295 7.03026
internal_count=238 82 42 156 40 80 45 76 51
is_linear=0
shrinkage=0.005


Tree=89
num_leaves=10
num_cat=0
split_feature=8 7 28 11 22 14 28 8 20
split_gain=0.603642 0.366261 0.674541 0.360288 0.312717 0.360564 0.350285 0.222015 0.171445
threshold=-0.0019830150953147455 -0.0076833322065763977 182.62500000000003 -0.063417830936683059 -49.999999999999993 8.7503418913491924 189.01000000000005 0.0071066670271689785 -9.3499999999999979
decision_type=2 2 2 2 2 2 2 2 2
left_child=1 8 -3 7 -5 -6 -7 -2 -1
right_child=3 2 -4 4 5 6 -8 -9 -10
leaf_value=0.00081228708371813504 -0.0022766511282256863 0.0034410912823014646 0 -0.0013991807683973497 -0.00070370785210461943 0 0.0024765920550718044 -0.00048143469008211524 -0.00091584490039504105
leaf_weight=2.8384761959314346 3.7387399524450284 2.8977673351764661 3.0802444666624069 3.0122427046298972 3.7282614558935183 3.2004780471324921 2.8395650386810303 4.9133594483137131 2.7878193110227585
leaf_count=20 28 20 22 22 27 23 20 36 20
internal_value=-2.70024e-05 0.000873132 0.00173 -0.000538536 0 0.000430892 0.00121336 -0.00132326 0
internal_weight=33.037 11.6043 5.97801 21.4326 12.7805 9.7683 6.04004 8.6521 5.6263
internal_count=238 82 42 156 92 70 43 64 40
is_linear=0
shrinkage=0.005


Tree=90
num_leaves=9
num_cat=0
split_feature=9 14 1 8 12 28 16 19
split_gain=0.456047 0.410962 0.360596 0.639694 0.295044 0.403987 0.25457 0.115
threshold=0.00072149353779311215 9.277641433904444 -0.079089701745459304 1.0000000180025095e-35 -0.020661882651130056 204.71500000000006 -6.2999999999999989 1.0000000180025095e-35
decision_type=2 2 2 2 2 2 2 2
left_child=1 6 -2 -4 -3 7 -1 -6
right_child=2 4 3 -5 5 -7 -8 -9
leaf_value=-0.00047091422374257125 -0.00051181660615722783 -0.0011552728462466328 0.0029002539555271845 0 0.0019326246666517843 -0.00097871989325346996 -0.0027325939638928611 0.00024642383619545235
leaf_weight=3.0390025675296783 4.7098532766103736 4.8715490698814383 3.1835766583681089 5.0057428777217865 2.8469732254743558 3.1787893176078796 3.279814392328265 2.8008586168289185
leaf_count=22 34 36 22 36 20 23 24 20
internal_value=-0.000194903 -0.000677641 0.000515323 0.00116626 -0.000148713 0.000353874 -0.00173559 0.00119366
internal_weight=32.9162 20.017 12.8992 8.18932 13.6982 8.82662 6.31882 5.64783
internal_count=237 145 92 58 99 63 46 40
is_linear=0
shrinkage=0.005


Tree=91
num_leaves=8
num_cat=0
split_feature=9 14 1 8 13 29 16
split_gain=0.456485 0.395397 0.366618 0.623535 0.343037 0.439733 0.261123
threshold=0.00072149353779311215 9.277641433904444 -0.079089701745459304 1.0000000180025095e-35 0.011290437155501711 207.38000000000002 -6.2999999999999989
decision_type=2 2 2 2 2 2 2
left_child=1 6 -2 -4 5 -3 -1
right_child=2 4 3 -5 -6 -7 -8
leaf_value=-0.00043892670664860049 -0.00051708541689064898 -0.0020037417402808304 0.0028854992581581586 0 0.00091658045032181072 0.00012211661851476522 -0.0027203754086923704
leaf_weight=3.0386612266302109 4.7085498869419089 3.9268817007541639 3.1903095543384534 5.0064025223255157 4.5336069464683524 5.2368810772895813 3.2748558372259167
leaf_count=22 34 29 22 36 32 38 24
internal_value=-0.000190827 -0.000674065 0.000519596 0.00117527 -0.000154341 -0.000740526 -0.00171298
internal_weight=32.9161 20.0109 12.9053 8.19671 13.6974 9.16376 6.31352
internal_count=237 145 92 58 99 67 46
is_linear=0
shrinkage=0.005


Tree=92
num_leaves=10
num_cat=0
split_feature=3 31 15 15 10 3 19 14 13
split_gain=0.343004 0.290005 0.27493 0.466681 0.531591 0.264169 0.469756 0.22088 0.210804
threshold=0.04655508101347295 41.680000000000021 1.0000000180025095e-35 57.70000000000001 0.0048406214966323453 -0.066179122261726828 -34.699999999999989 9.277641433904444 0.0043571621840355909
decision_type=2 2 2 2 2 2 2 2 2
left_child=2 -2 5 4 -4 -1 -7 -5 -3
right_child=1 8 3 7 -6 6 -8 -9 -10
leaf_value=-0.0014030950303077162 0.00011869419529212564 -0.0026204103673577316 0 -0.0011980111451531121 0.0032121925500289191 0.0015721701805585207 -0.00093461165282931688 0.00059044406610276343 -0.00049905441621417702
leaf_weight=4.3059538304805756 2.9239236414432508 3.0418578386306763 2.7918379306793195 3.142420157790184 2.8373593389987946 3.2347681820392609 4.17780549824238 3.3819961547851562 3.078825831413269
leaf_count=31 21 23 20 23 20 23 30 24 22
internal_value=-0.000191907 -0.00102373 0.000103831 0.000645941 0.00170464 -0.000416276 9.55245e-05 -0.000197455 -0.00164704
internal_weight=32.9167 9.04461 23.8721 12.1536 5.6292 11.7185 7.41257 6.52442 6.12068
internal_count=237 66 171 87 40 84 53 47 45
is_linear=0
shrinkage=0.005


Tree=93
num_leaves=8
num_cat=0
split_feature=9 14 1 22 13 29 3
split_gain=0.451432 0.382105 0.359385 0.433356 0.32929 0.452841 0.0637738
threshold=0.00072149353779311215 9.277641433904444 -0.079089701745459304 23.450000000000003 0.011290437155501711 207.38000000000002 0.016552385551623975
decision_type=2 2 2 2 2 2 2
left_child=1 6 -2 -4 5 -3 -1
right_child=2 4 3 -5 -6 -7 -8
leaf_value=-0.0023378094545639526 -0.00051127072970754892 -0.0020190534966721741 0.002153394769278174 -3.1836333092441587e-05 0.00088699331969717366 0.00014171185243240658 -0.00088533577370499494
leaf_weight=3.1159198284149197 4.7056609094142905 3.9214368015527707 4.6966647058725339 3.5101698040962219 4.5374962240457526 5.2386088669300079 3.1912596076726913
leaf_count=23 34 29 33 25 32 38 23
internal_value=-0.000190925 -0.000671708 0.000515076 0.00116365 -0.000160029 -0.000734968 -0.00169429
internal_weight=32.9172 20.0047 12.9125 8.20683 13.6975 9.16005 6.30718
internal_count=237 145 92 58 99 67 46
is_linear=0
shrinkage=0.005


Tree=94
num_leaves=8
num_cat=0
split_feature=9 0 0 13 4 2 14
split_gain=0.452389 0.741897 0.365789 0.335493 0.330912 0.306279 0.146156
threshold=0.00072149353779311215 -0.019074156041675224 -0.0035992567571088148 0.0031861436046297657 0.0050187505653450214 0.030618170564750361 9.277641433904444
decision_type=2 2 2 2 2 2 2
left_child=2 4 5 -4 -2 -1 -5
right_child=1 -3 3 6 -6 -7 -8
leaf_value=-0.0010130297471953641 -0.0014624588724489254 0.0022075424918878666 -0.0022112817185217298 -0.0012937173872422042 0.0004758870056071335 0.0009998495505832419 4.8983853409764496e-05
leaf_weight=3.0277976244688043 3.6111915558576566 4.3213229477405539 5.0867818146944046 2.9225950986146927 4.986636221408844 4.5845623016357422 4.3771000057458878
leaf_count=22 26 30 38 21 36 33 31
internal_value=-0.000190468 0.000516025 -0.000671947 -0.00120514 -0.000284172 0.000132592 -0.00042571
internal_weight=32.918 12.9192 19.9988 12.3865 8.59783 7.61236 7.2997
internal_count=237 92 145 90 62 55 52
is_linear=0
shrinkage=0.005


Tree=95
num_leaves=7
num_cat=0
split_feature=0 2 17 2 1 13
split_gain=0.53462 0.376525 0.627943 0.391098 0.384842 0.350422
threshold=-0.19018180649118208 0.061036550555869214 -93.59999999999998 0.024405730243897698 -0.0032636757926495781 0.0038598035797101642
decision_type=2 2 2 2 2 2
left_child=-1 2 -2 4 -4 -3
right_child=1 5 3 -5 -6 -7
leaf_value=0.001746740665289932 -0.002066700554681329 -0.002347158731790588 0.00032787165440503426 0.0016987562933760681 -0.0016694003775920908 -0.00010556696616976683
leaf_weight=2.9709420651197425 3.3113050907850292 4.2669543474912626 10.908619761466984 3.809945121407508 3.0056414157152185 3.7670096009969711
leaf_count=21 24 32 78 27 22 27
internal_value=-0.00022301 -0.000444146 -6.62907e-05 0.000284065 -7.21891e-05 -0.00136511
internal_weight=32.0404 29.0695 21.0355 17.7242 13.9143 8.03396
internal_count=231 210 151 127 100 59
is_linear=0
shrinkage=0.005


Tree=96
num_leaves=8
num_cat=0
split_feature=0 28 9 10 22 1 11
split_gain=0.540849 0.376328 0.541909 0.294941 0.325916 0.238483 0.19233
threshold=-0.19018180649118208 179.73500000000004 -0.0008758446007614783 0.0012902942100643689 21.850000000000005 -0.016456426996575509 -0.063417830936683059
decision_type=2 2 2 2 2 2 2
left_child=-1 2 -2 4 -3 -4 -5
right_child=1 3 5 6 -6 -7 -8
leaf_value=0.0017575354667535451 -0.0011116047148825125 0.00042039378324832782 0.0020527106089456566 -0.0027241394722254363 -0.0013137193681157825 0.00014306070920022017 -0.00068619481106792625
leaf_weight=2.9741474390029898 4.6534528136253357 5.431523263454439 3.2748401463031769 3.2065933644771576 4.8498145788908005 4.4858802109956759 3.1655197441577902
leaf_count=21 34 39 23 24 35 32 23
internal_value=-0.000222797 -0.000445263 0.000180153 -0.000940552 -0.000351608 0.00102088 -0.00180282
internal_weight=32.0418 29.0676 12.4142 16.6535 10.2813 7.76072 6.37211
internal_count=231 210 89 121 74 55 47
is_linear=0
shrinkage=0.005


Tree=97
num_leaves=8
num_cat=0
split_feature=28 8 10 30 2 10 18
split_gain=0.350533 0.396674 0.786355 0.289433 0.241153 0.184115 0.090763
threshold=250.93000000000001 0.00048717399411752905 -0.0039761623344872982 91.905000000000015 -0.022005206608876501 0.0017882487882254418 -57.249999999999993
decision_type=2 2 2 2 2 2 2
left_child=1 2 -1 -3 5 -2 -5
right_child=4 3 -4 6 -6 -7 -8
leaf_value=-0.00045790683415366623 0.000439258137763741 -0.0015078820751498643 0.0022649216092197897 -0.00037967629555299372 -0.0016814361648302169 -0.0012013531901774218 0.00081835113505163322
leaf_weight=4.9198780208826065 3.909118726849556 4.2057792693376523 5.1230192482471484 2.7742423117160779 5.4505905210971815 2.7373105138540268 2.9225962758064288
leaf_count=35 28 31 36 20 40 20 21
internal_value=-0.000217325 0.000169231 0.000885845 -0.000508096 -0.000893912 -0.000165681 0.000149705
internal_weight=32.0425 19.9455 10.0429 9.90262 12.097 6.64643 5.69684
internal_count=231 143 71 72 88 48 41
is_linear=0
shrinkage=0.005


Tree=98
num_leaves=7
num_cat=0
split_feature=11 14 7 5 22 27
split_gain=0.413378 0.45773 0.313229 0.392746 0.309373 0.186485
threshold=-0.15748580998858488 7.3647323075953723 0.0070969012127486773 -0.0013484626993552149 -17.549999999999997 92.150000000000006
decision_type=2 2 2 2 2 2
left_child=-1 5 3 -3 -5 -2
right_child=1 2 -4 4 -6 -7
leaf_value=0.0011061967821203011 -0.00040869621573386285 -0.00084341381593439502 -0.0011856134110363808 -0.00013672910225463416 0.0015454131584231175 -0.0022149221232636851
leaf_weight=4.7309418916702262 3.3332395106554058 4.7436178922653225 4.6521887481212607 3.8737532049417513 6.3640241920947993 4.3432265669107437
leaf_count=34 24 34 34 28 45 32
internal_value=-0.000220213 -0.000469865 -3.77043e-05 0.000288252 0.000862754 -0.00150306
internal_weight=32.041 27.3101 19.6336 14.9814 10.2378 7.67647
internal_count=231 197 141 107 73 56
is_linear=0
shrinkage=0.005


Tree=99
num_leaves=9
num_cat=0
split_feature=11 14 13 26 27 5 7 27
split_gain=0.415055 0.460015 0.503375 0.295262 0.266135 0.246979 0.287046 0.179446
threshold=-0.15748580998858488 7.3647323075953723 0.0031861436046297657 127.19500000000001 158.73500000000004 -0.0013484626993552149 0.0054592919434433189 92.150000000000006
decision_type=2 2 2 2 2 2 2 2
left_child=-1 7 3 -3 -5 -4 -7 -2
right_child=1 2 5 4 -6 6 -8 -9
leaf_value=0.0011082766441725715 -0.00042681197636843248 0.00016905596973183223 -0.0005474356009700414 -0.0028171806055643984 -0.00035394023470901564 0.0016921646391972319 -0.00010626216809927322 -0.0022082676916130896
leaf_weight=4.7342669516801825 3.3340379446744945 2.7762662470340747 2.8309378176927593 2.7079927921295166 2.741110235452652 5.8112308681011147 2.7658843696117401 4.338542565703392
leaf_count=34 24 20 20 20 20 41 20 32
internal_value=-0.000220352 -0.00047059 -3.74953e-05 -0.00100054 -0.00168348 0.000614574 0.00105701 -0.00150668
internal_weight=32.0403 27.306 19.6334 8.22537 5.4491 11.4081 8.57712 7.67258
internal_count=231 197 141 60 40 81 61 56
is_linear=0
shrinkage=0.005


Tree=100
num_leaves=9
num_cat=0
split_feature=8 1 32 0 1 19 14 6
split_gain=0.747919 0.628963 0.387953 0.31986 0.510845 0.22251 0.264071 0.114482
threshold=1.0000000180025095e-35 -0.036422690974615028 164.60000000000002 -0.18359832124000205 -0.045927461688935294 1.9000000000000001 11.917694643689286 -0.002744499153381747
decision_type=2 2 2 2 2 2 2 2
left_child=1 -1 7 -2 -5 6 -6 -3
right_child=3 2 -4 4 5 -7 -8 -9
leaf_value=0.0025313301915051985 0.00069264165408022816 -0.0012436902857429764 0.0012564698556517383 0.00071738041946817644 -0.0018874909270435046 -0.0023221237702397124 0 0
leaf_weight=3.9892690181732187 3.0872169286012641 3.2833088338375083 4.8344486504793167 3.0680485516786566 2.9603748321533221 5.0186249911785126 3.9950765445828438 2.9393917769193623
leaf_count=28 22 24 34 22 22 37 29 21
internal_value=0 0.000832561 0.000166016 -0.000672992 -0.000987768 -0.00146742 -0.00076717 -0.000604715
internal_weight=33.1758 15.0464 11.0571 18.1293 15.0421 11.9741 6.95545 6.2227
internal_count=239 107 79 132 110 88 51 45
is_linear=0
shrinkage=0.005


Tree=101
num_leaves=8
num_cat=0
split_feature=1 1 3 24 13 1 32
split_gain=0.538858 0.762466 0.506929 0.403034 0.515757 0.553803 0.535023
threshold=-0.036422690974615028 -0.079089701745459304 -0.067199956350244547 0.46355405079716977 0.0031861436046297657 0.057882542065152427 114.45000000000003
decision_type=2 2 2 2 2 2 2
left_child=1 -1 -2 4 5 -4 -6
right_child=2 -3 3 -5 6 -7 -8
leaf_value=-0.00020138595686756446 -0.002246078022839645 0.00262026161723332 -0.00032300429924350492 0.0012326582179402741 -0.00098771324996878404 -0.0032724052181462905 0.0014410574496689752
leaf_weight=4.8430007994174957 3.1095182597637203 4.1697968542575818 5.1107084006071153 4.4432178884744635 3.8641278892755491 2.6189513728022575 5.016777291893959
leaf_count=35 23 29 37 32 28 20 35
internal_value=1.4545e-06 0.00105614 -0.000372657 -6.76058e-05 -0.000448084 -0.0014012 0.000328688
internal_weight=33.1761 9.0128 24.1633 21.0538 16.6106 7.72966 8.88091
internal_count=239 64 175 152 120 57 63
is_linear=0
shrinkage=0.005


Tree=102
num_leaves=10
num_cat=0
split_feature=8 3 27 7 14 32 24 25 25
split_gain=0.740664 0.640871 0.518482 0.556385 0.381606 0.248122 0.136979 0.0967471 0.0176469
threshold=1.0000000180025095e-35 -0.027437394834098457 127.22000000000003 0.013061802265285987 12.164006910722227 164.60000000000002 0.59919895422971947 0.0080253678126062118 0.0031578371876880289
decision_type=2 2 2 2 2 2 2 2 2
left_child=1 -1 6 4 -4 7 8 -3 -2
right_child=2 5 3 -5 -6 -7 -8 -9 -10
leaf_value=0.0024983993645324894 -0.0025573563321516493 4.8235827296876053e-05 0 -0.0016038024154714809 0.002372841892967859 0.0010621980979751355 -0.00032429265142478543 -0.0010515341776487341 -0.0013037533445024827
leaf_weight=4.1532622128725061 2.7136683911085147 3.1062358766794169 3.2984355092048627 2.8496678173542023 2.8205099701881409 4.5415010154247284 2.7402036041021347 3.2550218105316162 3.6975863501429558
leaf_count=29 20 22 24 21 20 32 20 24 27
internal_value=0 0.000831153 -0.000666895 0.000137595 0.00103606 0.000141881 -0.00150612 -0.000440335 -0.00192743
internal_weight=33.1761 15.056 18.1201 8.96861 6.11895 10.9028 9.15146 6.36126 6.41125
internal_count=239 107 132 65 44 78 67 46 47
is_linear=0
shrinkage=0.005


Tree=103
num_leaves=10
num_cat=0
split_feature=8 3 27 7 14 0 5 24 25
split_gain=0.736198 0.623493 0.494819 0.523336 0.369007 0.361921 0.198467 0.144702 0.0203615
threshold=1.0000000180025095e-35 -0.027437394834098457 127.22000000000003 0.013061802265285987 12.164006910722227 0.011106844580295762 -0.0028807347990910215 0.59919895422971947 0.0031578371876880289
decision_type=2 2 2 2 2 2 2 2 2
left_child=1 -1 7 4 -4 -3 -7 8 -2
right_child=2 5 3 -5 -6 6 -8 -9 -10
leaf_value=0.0024762316966031707 -0.0025484133311437659 0.001697043625026062 0 -0.0015655268853180021 0.0023099995999884054 0.00060983949714407844 -0.00095870367888991085 -0.00028115503835173742 -0.0012819698314532897
leaf_weight=4.1590890735387811 2.7089927792549151 2.8510882258415196 3.2990419268608075 2.8470961600542068 2.8257289975881577 2.8509609401226026 5.201498806476593 2.7396532744169235 3.6946198791265488
leaf_count=29 20 20 24 21 20 20 38 20 27
internal_value=2.29962e-06 0.000832445 -0.000660828 0.000123238 0.000995554 0.000151345 -0.000341317 -0.00148107 -0.0019108
internal_weight=33.1778 15.0626 18.1151 8.97187 6.12477 10.9035 8.05246 9.14327 6.40361
internal_count=239 107 132 65 44 78 58 67 47
is_linear=0
shrinkage=0.005


Tree=104
num_leaves=8
num_cat=0
split_feature=8 25 3 11 14 8 24
split_gain=0.717687 0.650048 0.970664 0.325534 0.567683 0.443309 0.32979
threshold=1.0000000180025095e-35 0.0091535098054617032 0.037499480546029591 -0.10673613268738695 8.7503418913491924 0.0029682068338440408 0.48964598698289047
decision_type=2 2 2 2 2 2 2
left_child=1 2 -1 6 -5 -6 -2
right_child=3 -3 -4 4 5 -7 -8
leaf_value=0.0030212548994127909 -0.0028895114801200227 -0.00049893565556905699 -4.9679568138535989e-05 -0.0017709013308471492 -0.00090332882460764899 0.0014030435396980895 -0.00028096310881242897
leaf_weight=5.3477737009525281 2.7865103483200064 5.4025283157825461 4.3195488899946213 3.8190882652997997 3.0387929975986463 5.4886093586683273 2.9769218564033508
leaf_count=37 21 39 31 28 22 39 22
internal_value=0 0.000818164 0.00160445 -0.000656261 -0.000150935 0.000522386 -0.00164216
internal_weight=33.1798 15.0699 9.66732 18.1099 12.3465 8.5274 5.76343
internal_count=239 107 68 132 89 61 43
is_linear=0
shrinkage=0.005


Tree=105
num_leaves=10
num_cat=0
split_feature=8 27 11 5 17 14 26 11 19
split_gain=0.39394 0.761104 0.522227 0.395088 0.385322 0.279292 0.29186 0.247515 0.176228
threshold=1.0000000180025095e-35 100.88000000000001 0.051708782425013096 0.000719193627751057 103.95 13.327972005223797 222.91000000000003 0.039018346604978611 -1.0000000180025095e-35
decision_type=2 2 2 2 2 2 2 2 2
left_child=1 2 -1 -2 7 6 -5 -3 -7
right_child=3 4 -4 5 -6 8 -8 -9 -10
leaf_value=0.0029629575610222842 -0.0020030837303645589 -0.0023158266164315985 3.7098119171549985e-06 -0.0019084707462195588 0.0009618169669433702 0.0013934440267474007 0.00010443692371325418 -3.9700288562069113e-05 -0.00011954289963495525
leaf_weight=3.8875707685947409 3.8056090399622944 2.7050682902336103 2.9561922550201416 3.3806305825710279 2.833278477191925 3.2010553032159796 2.8727753013372421 2.94634610414505 3.4266635626554498
leaf_count=27 28 20 21 25 20 23 21 21 25
internal_value=-4.36171e-05 0.000517086 0.00176653 -0.00058856 -0.000436575 -0.000125856 -0.000910938 -0.00122763 0.000541286
internal_weight=32.0152 15.3285 6.84376 16.6867 8.48469 12.8811 6.25341 5.65141 6.62772
internal_count=231 109 48 122 61 94 46 41 48
is_linear=0
shrinkage=0.005


Tree=106
num_leaves=9
num_cat=0
split_feature=8 27 11 17 6 11 20 22
split_gain=0.380826 0.750054 0.498023 0.366796 0.294164 0.278569 0.272552 0.256617
threshold=1.0000000180025095e-35 100.88000000000001 0.051708782425013096 103.95 0.0050523600180644775 0.039018346604978611 14.750000000000002 2.1999999999999997
decision_type=2 2 2 2 2 2 2 2
left_child=1 2 -1 5 7 -3 -6 -2
right_child=4 3 -4 -5 6 -7 -8 -9
leaf_value=0.0029181061438773737 -0.0021926876588575553 -0.0023575865921046878 2.2792417619413946e-05 0.00092453625053587731 0.00082929091032456854 0 -0.00094875566972338473 -0.00024366637682879708
leaf_weight=3.8950613141059867 3.9180216491222399 2.7010256648063642 2.9570495784282684 2.8347775638103485 4.9406544715166074 2.9465632438659668 3.707471027970314 4.1159031614661217
leaf_count=27 29 20 21 20 36 21 27 30
internal_value=-3.99788e-05 0.000510902 0.00175028 -0.000436067 -0.000576256 -0.00120889 8.48257e-06 -0.00126371
internal_weight=32.0165 15.3345 6.85211 8.48237 16.6821 5.64759 8.64813 8.03392
internal_count=231 109 48 61 122 41 63 59
is_linear=0
shrinkage=0.005


Tree=107
num_leaves=9
num_cat=0
split_feature=8 27 4 17 12 32 1 27
split_gain=0.38464 0.774017 0.467522 0.436674 0.564776 0.19543 0.236339 0.192121
threshold=1.0000000180025095e-35 35.785000000000011 0.0050187505653450214 116.25 0.032380653756395435 171.60000000000002 0.070371373490738756 153.57500000000002
decision_type=2 2 2 2 2 2 2 2
left_child=1 -1 -2 4 7 6 -4 -3
right_child=2 3 5 -5 -6 -7 -8 -9
leaf_value=0.0027067814044399595 -0.0018976216488553078 -0.00044130712297891925 0.0013052140609183624 0.0015292845719838857 0.00088339432482948971 -0.00078781574580068182 -0.00047731067573303712 -0.002572601507358933
leaf_weight=3.1493473052978507 4.7419011443853405 2.7816347777843458 4.0419329702854139 3.1429734379053107 3.4283488541841507 5.0467692464590073 2.8479177802801132 2.8374507874250412
leaf_count=22 35 20 29 22 24 37 21 21
internal_value=-3.78292e-05 0.000515783 -0.000576912 -1.81499e-05 -0.000616122 -4.81151e-06 0.00049823 -0.00161893
internal_weight=32.0183 15.3398 16.6785 12.1904 9.04743 11.9366 6.88985 5.61909
internal_count=231 109 122 87 65 87 50 41
is_linear=0
shrinkage=0.005


Tree=108
num_leaves=9
num_cat=0
split_feature=8 27 4 17 12 20 19 14
split_gain=0.390914 0.72867 0.46566 0.450905 0.576638 0.322593 0.208727 0.125258
threshold=1.0000000180025095e-35 35.785000000000011 0.0050187505653450214 116.25 0.032380653756395435 10.650000000000004 -6.299999999999998 15.547947344768625
decision_type=2 2 2 2 2 2 2 2
left_child=1 -1 -2 4 6 7 -3 -4
right_child=2 3 5 -5 -6 -7 -8 -9
leaf_value=0.0026391989884064077 -0.0019041977856991347 -0.0026507740589768879 0 0.0015729557977723473 0.00090787602895235219 -0.0010516798708423449 -0.00045004910293668251 0.0013734064672129662
leaf_weight=3.1555124074220648 4.7365422770381 2.7305066734552366 4.1001883298158628 3.1459225267171851 3.4293277412652969 4.7868455350399017 2.8833798915147781 3.0507625266909599
leaf_count=22 35 20 30 22 24 35 21 22
internal_value=-4.1244e-05 0.000516749 -0.000584646 -3.9356e-07 -0.000608351 -1.36221e-05 -0.00162268 0.000614296
internal_weight=32.019 15.3446 16.6743 12.1891 9.04321 11.9378 5.61389 7.15095
internal_count=231 109 122 87 65 87 41 52
is_linear=0
shrinkage=0.005


Tree=109
num_leaves=9
num_cat=0
split_feature=8 27 11 17 6 20 25 11
split_gain=0.359791 0.689911 0.509917 0.333035 0.29009 0.273719 0.258883 0.251491
threshold=1.0000000180025095e-35 100.88000000000001 0.051708782425013096 103.95 0.0050523600180644775 14.750000000000002 0.0091535098054617032 0.039018346604978611
decision_type=2 2 2 2 2 2 2 2
left_child=1 2 -1 7 6 -6 -2 -3
right_child=4 3 -4 -5 5 -7 -8 -9
leaf_value=0.0028502707282428551 -0.0019965345922007098 -0.0022527225279061038 0 0.00087070755947888897 0.00083390971201326288 -0.00094763605734817923 -8.7406597780741709e-06 0
leaf_weight=3.911200523376464 4.7425679937005061 2.6922274976968747 2.9607598036527634 2.8407210558652878 4.9473056644201261 3.7018922418355942 3.2791117280721664 2.9453670382499695
leaf_count=27 35 20 21 20 36 27 24 21
internal_value=-4.54563e-05 0.000488817 0.00167554 -0.000418621 -0.0005673 1.28602e-05 -0.00125099 -0.00115815
internal_weight=32.0212 15.3503 6.87196 8.47832 16.6709 8.6492 8.02168 5.63759
internal_count=231 109 48 61 122 63 59 41
is_linear=0
shrinkage=0.005


Tree=110
num_leaves=8
num_cat=0
split_feature=16 3 13 8 28 27 7
split_gain=0.425969 0.619338 0.44546 0.316251 0.905403 0.335824 0.141759
threshold=122.70000000000003 0.037499480546029591 0.0038598035797101642 -1.0000000180025095e-35 181.79500000000004 51.090000000000003 0.013364323498471041
decision_type=2 2 2 2 2 2 2
left_child=1 3 -3 4 -1 -5 -7
right_child=-2 2 -4 5 -6 6 -8
leaf_value=0.0029519006032070689 0.0017619334636640375 -0.0024419651049407531 0 -0.0013032378427645893 -0.0003645010637911008 0.00080539918878932428 -0.00047197376362601576
leaf_weight=3.3714023679494884 2.8337316513061515 4.5892150700092298 3.8104231059551239 4.9365111589431789 4.5966283828020096 5.5740434974431974 2.9904744774103165
leaf_count=23 20 35 27 36 33 40 22
internal_value=-5.2966e-05 -0.00024452 -0.00139859 0.00018597 0.00098602 -0.000251201 0.000301186
internal_weight=32.7024 29.8687 8.39964 21.4691 7.96803 13.501 8.56452
internal_count=236 216 62 154 56 98 62
is_linear=0
shrinkage=0.005


Tree=111
num_leaves=8
num_cat=0
split_feature=16 3 13 7 24 14 27
split_gain=0.427087 0.624212 0.461295 0.29707 0.262224 0.267797 0.0850091
threshold=122.70000000000003 0.037499480546029591 0.0038598035797101642 -0.0035686973409143484 0.29628711233400101 7.1542184177775709 107.42500000000001
decision_type=2 2 2 2 2 2 2
left_child=1 3 -3 -1 6 -6 -5
right_child=-2 2 -4 4 5 -7 -8
leaf_value=0.0013637490875850113 0.0017674768724765622 -0.0024626570210151718 0 -0.0016321312692462134 0.0016234376845427204 -6.999438296076425e-05 -0.0001628138750409184
leaf_weight=4.310035869479182 2.8366011828184119 4.5818640291690809 3.8105458468198776 2.7651444971561494 2.9323432296514502 8.584656894206999 2.8791248500347137
leaf_count=30 20 35 27 20 21 62 21
internal_value=-4.91513e-05 -0.000241084 -0.00140048 0.000191052 -7.75258e-05 0.000323098 -0.000978455
internal_weight=32.7003 29.8637 8.39241 21.4713 17.1613 11.517 5.64427
internal_count=236 216 62 154 124 83 41
is_linear=0
shrinkage=0.005


Tree=112
num_leaves=9
num_cat=0
split_feature=32 12 11 11 5 24 2 5
split_gain=0.3152 0.546484 0.496779 0.689465 0.326497 0.309823 0.235229 0.400117
threshold=139.25000000000003 0.044264194106254713 -0.15049699926320467 -0.054074330029893529 -0.0013484626993552149 0.35617024765307975 0.047257682503661587 0.00017607167225728809
decision_type=2 2 2 2 2 2 2 2
left_child=4 2 -2 -4 -1 -5 7 -6
right_child=1 -3 3 5 6 -7 -8 -9
leaf_value=-0.0018292710803901066 0.0014216517606577132 0.0022037888053509291 -0.0027252651222698316 -0.00088974428325052615 0.0017126038028082253 0.0011458082608738793 -0.0010185886026683715 -0.0006471152504389907
leaf_weight=3.9731856286525717 4.0366823226213446 3.2883326709270468 2.8186241462826711 3.4393045008182561 3.279302626848219 3.8168521970510483 4.5586108937859535 3.4884951412677765
leaf_count=29 29 23 21 25 23 27 34 25
internal_value=-6.00522e-05 0.000382534 -1.28405e-05 -0.000641167 -0.000595574 0.000113067 -0.000112717 0.000427112
internal_weight=32.6994 17.3998 14.1115 10.0748 15.2996 7.25616 11.3264 6.7678
internal_count=236 125 102 73 111 52 82 48
is_linear=0
shrinkage=0.005


Tree=113
num_leaves=8
num_cat=0
split_feature=16 3 13 7 24 14 27
split_gain=0.422167 0.598197 0.463865 0.291871 0.275072 0.291201 0.0891506
threshold=122.70000000000003 0.037499480546029591 0.0038598035797101642 -0.0035686973409143484 0.29628711233400101 7.1542184177775709 107.42500000000001
decision_type=2 2 2 2 2 2 2
left_child=1 3 -3 -1 6 -6 -5
right_child=-2 2 -4 4 5 -7 -8
leaf_value=0.001342392510818849 0.0017534594629622427 -0.0024442983666217478 0 -0.0016784561124685978 0.0016800910899409905 -8.8547009506865243e-05 -0.00017699989475918081
leaf_weight=4.3140237331390408 2.8391489982604972 4.5718254521489126 3.8104448765516281 2.7631998211145463 2.9362510293722144 8.5848282128572446 2.8795052766799927
leaf_count=30 20 35 27 20 21 62 21
internal_value=-5.1452e-05 -0.000242427 -0.00137822 0.000179789 -8.64289e-05 0.000324307 -0.00100837
internal_weight=32.6992 29.8601 8.38227 21.4778 17.1638 11.5211 5.64271
internal_count=236 216 62 154 124 83 41
is_linear=0
shrinkage=0.005


Tree=114
num_leaves=10
num_cat=0
split_feature=16 1 24 18 14 25 1 18 31
split_gain=0.422006 0.531336 0.347785 0.322529 0.346721 0.289798 0.264818 0.145033 0.0945879
threshold=122.70000000000003 -0.0088976518115522745 0.35161493318365444 -73.049999999999983 5.9355832880161552 0.010009284536396825 0.060715633888222216 -47.54999999999999 72.970000000000013
decision_type=2 2 2 2 2 2 2 2 2
left_child=1 3 7 -1 -5 -6 -4 -3 -9
right_child=-2 2 6 4 5 -7 -8 8 -10
leaf_value=-0.00094246282615598079 0.0017532345703867738 -0.00038113461440241326 0.00078561564704567619 -0.00047982773352806592 0.0022633184058849327 0.00011964763063788642 -0.00098751539180067112 -0.0010841752601078339 -0.0028848528451615959
leaf_weight=2.7830096781253806 2.8412571400403968 2.7424598038196573 4.0377039760351163 2.7815590947866458 4.5942554175853729 3.1865683197975159 4.1785548254847527 2.8591189682483682 2.6938241347670555
leaf_count=20 20 20 29 20 32 23 31 21 20
internal_value=-5.06641e-05 -0.000241689 -0.000851257 0.000475537 0.000898951 0.00145562 -5.618e-05 -0.00157378 -0.0020649
internal_weight=32.6983 29.8571 16.5117 13.3454 10.5624 7.78082 8.21626 8.2954 5.55294
internal_count=236 216 121 95 75 55 60 61 41
is_linear=0
shrinkage=0.005


end of trees

feature_importances:
pbv=66
pm=65
nde=62
pebitda=54
tdta=51
om=49
eps12m=44
pe=38
ps=35
em=35
tdte=31
dy=29
EPU_China=28
EPU_US=23
surprise_JAP=21
surprise_UK=18
roa=17
world_trade=16
roe=15
prob_risk_off=15
surprise_GEM=13
prob_inflation=13
EPU_global=13
EPU_Europe=12
surprise_US=11
surprise_AUS=11
roc=10
surprise_EURO=10
surprise_PAC=9
EPU_JAP=9
EPU_UK=8
EPU_Australia=6
surprise_CHINA=3

parameters:
[boosting: gbdt]
[objective: rank_xendcg]
[metric: ndcg]
[tree_learner: serial]
[device_type: cpu]
[data_sample_strategy: bagging]
[data: ]
[valid: ]
[num_iterations: 115]
[learning_rate: 0.005]
[num_leaves: 15]
[num_threads: 1]
[seed: 42]
[deterministic: 0]
[force_col_wise: 0]
[force_row_wise: 0]
[histogram_pool_size: -1]
[max_depth: 5]
[min_data_in_leaf: 20]
[min_sum_hessian_in_leaf: 0.001]
[bagging_fraction: 0.8]
[pos_bagging_fraction: 1]
[neg_bagging_fraction: 1]
[bagging_freq: 5]
[bagging_seed: 400]
[bagging_by_query: 0]
[feature_fraction: 0.8]
[feature_fraction_bynode: 1]
[feature_fraction_seed: 30056]
[extra_trees: 0]
[extra_seed: 12879]
[early_stopping_round: 0]
[early_stopping_min_delta: 0]
[first_metric_only: 0]
[max_delta_step: 0]
[lambda_l1: 0.1]
[lambda_l2: 0.05]
[linear_lambda: 0]
[min_gain_to_split: 0.01]
[drop_rate: 0.1]
[max_drop: 50]
[skip_drop: 0.5]
[xgboost_dart_mode: 0]
[uniform_drop: 0]
[drop_seed: 17869]
[top_rate: 0.2]
[other_rate: 0.1]
[min_data_per_group: 100]
[max_cat_threshold: 32]
[cat_l2: 10]
[cat_smooth: 10]
[max_cat_to_onehot: 4]
[top_k: 20]
[monotone_constraints: ]
[monotone_constraints_method: basic]
[monotone_penalty: 0]
[feature_contri: ]
[forcedsplits_filename: ]
[refit_decay_rate: 0.9]
[cegb_tradeoff: 1]
[cegb_penalty_split: 0]
[cegb_penalty_feature_lazy: ]
[cegb_penalty_feature_coupled: ]
[path_smooth: 0]
[interaction_constraints: ]
[verbosity: -1]
[saved_feature_importance_type: 0]
[use_quantized_grad: 0]
[num_grad_quant_bins: 4]
[quant_train_renew_leaf: 0]
[stochastic_rounding: 1]
[linear_tree: 0]
[max_bin: 255]
[max_bin_by_feature: ]
[min_data_in_bin: 3]
[bin_construct_sample_cnt: 200000]
[data_random_seed: 175]
[is_enable_sparse: 1]
[enable_bundle: 1]
[use_missing: 1]
[zero_as_missing: 0]
[feature_pre_filter: 1]
[pre_partition: 0]
[two_round: 0]
[header: 0]
[label_column: ]
[weight_column: ]
[group_column: ]
[ignore_column: ]
[categorical_feature: ]
[forcedbins_filename: ]
[precise_float_parser: 0]
[parser_config_file: ]
[objective_seed: 16083]
[num_class: 1]
[is_unbalance: 0]
[scale_pos_weight: 1]
[sigmoid: 1]
[boost_from_average: 1]
[reg_sqrt: 0]
[alpha: 0.9]
[fair_c: 1]
[poisson_max_delta_step: 0.7]
[tweedie_variance_power: 1.5]
[lambdarank_truncation_level: 30]
[lambdarank_norm: 1]
[label_gain: ]
[lambdarank_position_bias_regularization: 0]
[eval_at: 1]
[multi_error_top_k: 1]
[auc_mu_weights: ]
[num_machines: 1]
[local_listen_port: 12400]
[time_out: 120]
[machine_list_filename: ]
[machines: ]
[gpu_platform_id: -1]
[gpu_device_id: -1]
[gpu_use_dp: 0]
[num_gpu: 1]

end of parameters

pandas_categorical:[]
